I_a,snr_dB,X,E
0.0,6.0,[ 1 -1  1 ...  1  1  1],"[ 1.99331325 -2.39275376  1.83630478 ...  0.96469381 -1.46827618
  0.85127861]"
I_a,snr_dB,X,E
0.1,6.0,[ 1 -1 -1 ...  1 -1  1],"[ 0.95188856 -0.63210409 -0.65290138 ...  0.38853597 -0.70273333
  1.1480924 ]"
I_a,snr_dB,X,E
0.2,6.0,[ 1  1 -1 ...  1  1 -1],"[ 2.38301692  2.4212597  -2.41222107 ...  6.72580513  6.20566356
 -6.59761263]"
I_a,snr_dB,X,E
0.30000000000000004,6.0,[ 1 -1  1 ...  1 -1  1],"[-0.3816115   0.35927411 -0.33330432 ...  1.40718931 -0.95098075
  0.83716434]"
I_a,snr_dB,X,E
0.4,6.0,[-1  1  1 ... -1  1 -1],"[ 1.68888748  0.09635725  0.26906023 ... -0.50389384  0.50512269
 -0.04364217]"
I_a,snr_dB,X,E
0.5,6.0,[ 1  1 -1 ... -1 -1 -1],"[ 1.06803446 -0.26807192  0.53069945 ... -1.73813202 -1.61685506
 -1.31491263]"
I_a,snr_dB,X,E
0.6000000000000001,6.0,[-1  1  1 ... -1  1 -1],"[-0.3148467   0.53759271  0.0871297  ... -1.07995474  0.74346184
 -1.00664792]"
I_a,snr_dB,X,E
0.7000000000000001,6.0,[-1 -1 -1 ... -1  1 -1],"[-0.09482561  0.39752991  0.0382332  ... -0.23998838  0.83855888
 -0.3293313 ]"
I_a,snr_dB,X,E
0.8,6.0,[ 1  1 -1 ... -1  1  1],"[ 0.27702994  0.87264349 -0.81508508 ... -0.84976053  0.86822095
 -1.62015627]"
I_a,snr_dB,X,E
0.9,6.0,[ 1  1  1 ... -1  1 -1],[0.22121117 0.15327391 0.06840171 ... 1.98219275 1.49187717 1.50592176]
I_a,snr_dB,X,E
0.0,7.0,[ 1 -1 -1 ...  1 -1  1],"[ 2.42317126  1.45429827 -1.41163824 ...  0.47429913 -1.62993056
  0.50179011]"
I_a,snr_dB,X,E
0.1,7.0,[ 1 -1  1 ... -1  1  1],"[ 0.86198521 -0.17040915  0.53548828 ... -1.51383844  1.27748251
  1.64560488]"
I_a,snr_dB,X,E
0.2,7.0,[ 1 -1  1 ... -1  1  1],"[ 0.74750626  0.28374768  0.31225654 ... -4.26544242  4.39433207
  4.91439512]"
I_a,snr_dB,X,E
0.30000000000000004,7.0,[-1  1  1 ...  1  1  1],"[-3.69020628  3.99182043  2.96214325 ...  3.50533243  3.49720832
  3.66320451]"
I_a,snr_dB,X,E
0.4,7.0,[-1  1 -1 ... -1 -1 -1],"[ 0.20344213  0.06065324  0.5495266  ... -0.18490672 -0.22235184
  0.2388379 ]"
I_a,snr_dB,X,E
0.5,7.0,[-1 -1  1 ...  1  1 -1],"[ 0.22520427 -2.05213843 -0.46953931 ... -1.84784719  0.85939683
 -1.94613993]"
I_a,snr_dB,X,E
0.6000000000000001,7.0,[ 1 -1 -1 ... -1 -1 -1],"[ 1.77824867 -1.40748844 -2.12089404 ... -0.61401182 -0.67947935
 -0.34684365]"
I_a,snr_dB,X,E
0.7000000000000001,7.0,[-1 -1 -1 ...  1  1  1],"[-6.69946416 -6.66954741 -6.75989399 ...  4.30648792  3.92606364
  4.19679589]"
I_a,snr_dB,X,E
0.8,7.0,[1 1 1 ... 1 1 1],"[ 2.13886189  2.39217288  2.18133613 ...  1.23872991  1.09494911
 -2.14757808]"
I_a,snr_dB,X,E
0.9,7.0,[-1 -1 -1 ... -1  1  1],"[-0.77698746 -0.24744902  0.35805933 ...  0.13470764  0.64393253
 -1.03202412]"
I_a,snr_dB,X,E
0.0,8.0,[ 1 -1  1 ... -1  1 -1],"[ 2.8588088  -2.77725915  2.65097629 ...  3.96820547 -3.98276414
 -5.03419767]"
I_a,snr_dB,X,E
0.1,8.0,[ 1  1 -1 ... -1  1  1],"[ 4.62000488  4.63071784 -5.7586519  ... -3.92983188  2.87345973
  2.43369995]"
I_a,snr_dB,X,E
0.2,8.0,[ 1  1  1 ... -1 -1  1],[1.02478047 2.21096321 3.0689274  ... 0.2332265  1.07883237 0.04650369]
I_a,snr_dB,X,E
0.30000000000000004,8.0,[ 1 -1 -1 ... -1  1  1],"[ 1.00622524 -0.5672671  -1.57502198 ...  4.19802204  4.00987167
  4.08765893]"
I_a,snr_dB,X,E
0.4,8.0,[1 1 1 ... 1 1 1],"[ 5.62502423  5.65977006  5.66522339 ... -1.2432069  -0.45123725
 -0.55357533]"
I_a,snr_dB,X,E
0.5,8.0,[ 1  1  1 ... -1  1  1],"[ 2.69630696  2.40961814  2.67362407 ...  0.11348675  1.11187672
 -0.318721  ]"
I_a,snr_dB,X,E
0.6000000000000001,8.0,[-1 -1 -1 ...  1 -1  1],"[-10.07905275  -9.27905052  -8.36267782 ...  -4.06708554  -4.56872588
  -4.36153724]"
I_a,snr_dB,X,E
0.7000000000000001,8.0,[-1 -1  1 ...  1 -1  1],"[-3.11691914  1.28581261 -1.31303257 ...  0.02230916 -3.3747552
  0.16508873]"
I_a,snr_dB,X,E
0.8,8.0,[-1 -1 -1 ... -1 -1 -1],"[-3.94170917 -4.87330964 -2.29781566 ... -7.77617158 -7.76381001
 -7.92543196]"
I_a,snr_dB,X,E
0.9,8.0,[-1  1  1 ...  1 -1  1],"[ -4.4482577    4.21839661   4.14725658 ...  11.72528583 -10.58182952
   7.76213266]"
I_a,snr_dB,X,E
0.0,9.0,[ 1  1  1 ...  1 -1  1],"[-0.18897779  1.85009909 -0.61746337 ...  1.92580042 -1.90626704
  1.18731093]"
I_a,snr_dB,X,E
0.1,9.0,[ 1 -1 -1 ...  1  1  1],"[ 1.60535865 -2.86135043 -2.77289545 ...  4.64599067  4.27492248
  6.35422174]"
I_a,snr_dB,X,E
0.2,9.0,[-1  1 -1 ...  1 -1 -1],"[-1.79010929  1.74796326 -2.55443749 ...  1.21884479  2.04003453
 -1.4701369 ]"
I_a,snr_dB,X,E
0.30000000000000004,9.0,[ 1 -1 -1 ...  1 -1 -1],"[ 11.70130736 -12.45046243 -11.36801613 ...   5.88504867  -6.21795828
  -5.72223797]"
I_a,snr_dB,X,E
0.4,9.0,[-1 -1  1 ... -1  1 -1],"[-3.77419114 -4.21873705  3.58166306 ... -5.44655073  5.08371264
 -5.28938681]"
I_a,snr_dB,X,E
0.5,9.0,[ 1 -1  1 ... -1  1 -1],"[ 8.55906945 -7.5965419   7.61073837 ... -1.72083346  0.85132194
 -0.79293405]"
I_a,snr_dB,X,E
0.6000000000000001,9.0,[ 1  1 -1 ...  1 -1 -1],"[ 8.56817439  7.79484038 -9.61771806 ...  1.38564562 -0.24212897
 -0.30148434]"
I_a,snr_dB,X,E
0.7000000000000001,9.0,[-1  1 -1 ... -1  1  1],"[-2.16819291  0.89097697 -2.15698574 ...  0.71104476  2.93496594
 -0.83738594]"
I_a,snr_dB,X,E
0.8,9.0,[ 1  1  1 ...  1  1 -1],"[ 4.19595789  4.15011774  4.17340779 ... 10.34519329 10.00832717
 -9.83409347]"
I_a,snr_dB,X,E
0.9,9.0,[-1 -1 -1 ... -1  1 -1],"[-15.14466104 -15.14370918 -15.14758487 ... -10.83765354  12.4676931
 -11.38800084]"
I_a,snr_dB,X,E
0.0,10.0,[-1  1  1 ...  1 -1  1],"[-6.769222    5.67709696  6.9080397  ...  4.99643863 -5.07863774
  4.70026336]"
I_a,snr_dB,X,E
0.1,10.0,[-1  1 -1 ...  1  1 -1],"[-12.69214445  12.22869391 -11.56539067 ...  13.16518362  14.60274049
 -13.80208996]"
I_a,snr_dB,X,E
0.2,10.0,[-1  1  1 ...  1  1  1],"[-8.0706219   8.06780557  8.05747673 ... 13.32684089 13.13142591
 14.865708  ]"
I_a,snr_dB,X,E
0.30000000000000004,10.0,[ 1 -1 -1 ... -1  1  1],"[  7.8952147   -6.8957774  -10.42678502 ...  -8.69272266   8.05207507
   7.74004944]"
I_a,snr_dB,X,E
0.4,10.0,[ 1 -1 -1 ...  1  1 -1],"[ 14.73246746 -14.84288612 -14.61923256 ...  12.30889659  12.80748495
 -11.9674088 ]"
I_a,snr_dB,X,E
0.5,10.0,[-1 -1 -1 ... -1  1  1],"[-10.28076027 -13.18754564 -10.34203754 ...  -8.87236858   9.46552426
   8.9266533 ]"
I_a,snr_dB,X,E
0.6000000000000001,10.0,[ 1 -1 -1 ... -1 -1  1],"[  4.59638459  -4.61254168  -4.65508152 ... -15.37609585 -15.53917378
  15.58706521]"
I_a,snr_dB,X,E
0.7000000000000001,10.0,[-1  1 -1 ...  1  1 -1],"[ -9.19140935   9.0658272  -10.37992557 ...   1.6223517    1.65501889
  -1.60170705]"
I_a,snr_dB,X,E
0.8,10.0,[ 1 -1 -1 ...  1 -1 -1],"[ 13.71807885 -14.74614443 -14.78397232 ...   8.68258632  -8.68704866
 -13.00143212]"
I_a,snr_dB,X,E
0.9,10.0,[ 1 -1  1 ...  1 -1 -1],"[ 14.98722117 -23.48443577  14.96925921 ...  16.58869649 -16.32227177
 -16.38878668]"
I_a,snr_dB,X,E
0.0,6.0,[-1  1 -1 ... -1 -1 -1],"[ 0.71479778 -0.33988591  0.17897895 ...  0.69758602 -0.0592477
  1.3120849 ]"
I_a,snr_dB,X,E
0.1,6.0,[ 1  1 -1 ... -1 -1 -1],"[ 0.61169067 -0.09819191 -1.41441889 ... -1.29137295  0.49401438
  0.0238294 ]"
I_a,snr_dB,X,E
0.2,6.0,[ 1  1 -1 ... -1 -1 -1],"[ 0.10500487 -0.43937124  0.40766591 ...  0.17492976  0.21181853
  0.21577936]"
I_a,snr_dB,X,E
0.30000000000000004,6.0,[-1 -1  1 ...  1 -1 -1],"[-3.45287788 -3.31140793  3.48715506 ... -0.34765923  0.1167365
  0.51306786]"
I_a,snr_dB,X,E
0.4,6.0,[ 1 -1  1 ...  1  1 -1],"[-0.55687356  0.32633241  1.73307533 ...  1.42545393  1.44913912
 -0.95246039]"
I_a,snr_dB,X,E
0.5,6.0,[ 1  1 -1 ... -1 -1  1],"[ 5.55093021  5.34633381 -5.04162022 ... -1.12394399 -0.90466617
  0.70511664]"
I_a,snr_dB,X,E
0.6000000000000001,6.0,[ 1 -1 -1 ... -1  1 -1],"[ 2.63424011 -1.90071569 -1.1752651  ... -1.62106365  0.89267438
 -0.46726683]"
I_a,snr_dB,X,E
0.7000000000000001,6.0,[ 1  1 -1 ...  1  1 -1],"[ 2.96543801  3.35277946 -3.35249252 ... -0.46666137  0.29968311
  0.41326593]"
I_a,snr_dB,X,E
0.8,6.0,[ 1 -1 -1 ... -1 -1  1],"[ 0.29102524 -0.72597425 -0.48592952 ... -1.61383778 -0.99905551
 -0.12097031]"
I_a,snr_dB,X,E
0.9,6.0,[-1  1  1 ... -1  1  1],"[ 1.25510865 -1.8270409  -0.47014066 ... -1.73174235  0.9362105
  0.80133558]"
I_a,snr_dB,X,E
0.0,7.0,[-1 -1  1 ... -1 -1 -1],"[-0.93831243 -0.57235542  0.91388447 ... -2.12061799 -1.01561351
  0.77029879]"
I_a,snr_dB,X,E
0.1,7.0,[-1 -1 -1 ...  1 -1 -1],"[ 0.10777016  0.03196271  0.00747938 ...  4.85174086 -4.57734101
 -5.10862896]"
I_a,snr_dB,X,E
0.2,7.0,[ 1 -1  1 ... -1  1 -1],"[ 1.66408372  1.49785848  1.46006265 ... -2.42486437  2.21238621
 -1.86778743]"
I_a,snr_dB,X,E
0.30000000000000004,7.0,[-1  1  1 ... -1  1  1],"[-0.3094745  -0.08892478  0.0186301  ... -1.79313509  0.5761101
  1.16697228]"
I_a,snr_dB,X,E
0.4,7.0,[-1 -1 -1 ... -1 -1 -1],"[-2.0166653  -2.07715036 -1.52025409 ... -2.45221475 -0.74280417
 -2.10762318]"
I_a,snr_dB,X,E
0.5,7.0,[-1  1  1 ...  1 -1  1],"[-1.18810329  1.69442185  1.20331975 ... -0.47199041 -0.69475152
  0.75897341]"
I_a,snr_dB,X,E
0.6000000000000001,7.0,[ 1  1  1 ... -1 -1 -1],"[ 3.27401113 -1.56498974 -1.45641419 ... -1.71388147 -2.38480579
 -1.66876975]"
I_a,snr_dB,X,E
0.7000000000000001,7.0,[-1  1  1 ... -1  1 -1],"[-1.63276433 -1.72126737 -0.89865047 ... -4.13760097  3.85386067
 -4.29346243]"
I_a,snr_dB,X,E
0.8,7.0,[ 1  1  1 ... -1 -1  1],"[-3.4543258  -3.53089315  3.35686711 ... -0.2029102  -1.10954526
 -1.59160426]"
I_a,snr_dB,X,E
0.9,7.0,[ 1 -1 -1 ... -1 -1 -1],"[ 0.50652184  0.35686411 -1.11296052 ... -2.08625684 -2.24441558
 -1.22888787]"
I_a,snr_dB,X,E
0.0,8.0,[ 1  1 -1 ... -1  1  1],"[ 2.89661691  2.24365883  0.18470836 ... -0.17425564 -0.05339305
  0.79556875]"
I_a,snr_dB,X,E
0.1,8.0,[ 1 -1  1 ... -1  1 -1],"[ 0.23020731 -0.99173629  0.69634107 ... -0.93848384  1.16227081
 -1.33595413]"
I_a,snr_dB,X,E
0.2,8.0,[-1  1  1 ... -1 -1 -1],"[-1.20866284  2.4690832   1.1631633  ...  0.60051943 -1.15199918
 -1.43560415]"
I_a,snr_dB,X,E
0.30000000000000004,8.0,[-1  1  1 ...  1  1  1],"[ 0.10270078  0.34373202 -0.8864195  ...  7.4710842   7.92707983
  7.41582127]"
I_a,snr_dB,X,E
0.4,8.0,[ 1 -1 -1 ...  1 -1 -1],"[ 0.55664615 -0.385613    0.54558304 ... -1.21806358 -1.32894856
  1.02350991]"
I_a,snr_dB,X,E
0.5,8.0,[-1  1  1 ...  1 -1  1],"[-5.1980926   4.93710843  2.70241209 ...  1.00368758  0.52421546
 -1.22051642]"
I_a,snr_dB,X,E
0.6000000000000001,8.0,[ 1 -1  1 ... -1  1  1],"[-0.15350047 -0.31021251  0.89345587 ... -3.36314228  3.2605027
  3.72245299]"
I_a,snr_dB,X,E
0.7000000000000001,8.0,[ 1  1  1 ... -1  1 -1],"[ 1.81791976  0.26200661 -0.7162975  ... -0.55515142  0.06385883
  0.15501744]"
I_a,snr_dB,X,E
0.8,8.0,[-1  1  1 ... -1  1 -1],"[ 2.70069859  6.12796241  5.96569421 ... -1.47493347  1.54172696
 -1.2955601 ]"
I_a,snr_dB,X,E
0.9,8.0,[ 1  1 -1 ...  1  1  1],[0.95421659 0.56600649 1.97171848 ... 5.44758285 5.77531287 5.75185317]
I_a,snr_dB,X,E
0.0,9.0,[ 1  1  1 ...  1 -1  1],"[ 2.58086574  3.29009073  2.48937401 ...  0.95693286 -1.37652305
  1.42847817]"
I_a,snr_dB,X,E
0.1,9.0,[ 1 -1 -1 ... -1  1  1],"[ 0.33140493  0.05526498 -1.13723961 ...  0.33032795  1.20802893
 -0.13794687]"
I_a,snr_dB,X,E
0.2,9.0,[ 1  1 -1 ...  1 -1 -1],"[ 4.05346577  5.29870889 -4.80717886 ...  2.30459383 -2.33018957
 -2.30441582]"
I_a,snr_dB,X,E
0.30000000000000004,9.0,[-1  1  1 ...  1  1  1],"[ 0.31122193 -0.3355975  -0.29536458 ...  2.12863238  3.3774416
  2.09992413]"
I_a,snr_dB,X,E
0.4,9.0,[-1  1 -1 ...  1 -1  1],"[-6.08531662  5.88104655 -6.24328316 ...  1.43156637 -1.18122843
  1.96956133]"
I_a,snr_dB,X,E
0.5,9.0,[ 1 -1 -1 ... -1 -1 -1],"[ 6.11584517 -6.85096142 -4.06728567 ... -1.99770891 -1.59296073
 -1.93699787]"
I_a,snr_dB,X,E
0.6000000000000001,9.0,[ 1  1  1 ... -1 -1  1],"[ 3.67073585  4.30700701  4.07309715 ... -4.34436874 -5.53896069
  3.90215867]"
I_a,snr_dB,X,E
0.7000000000000001,9.0,[ 1 -1 -1 ...  1 -1 -1],"[  2.36167451  -2.61469382  -2.36837871 ...  19.10525531 -19.11804827
 -19.38864302]"
I_a,snr_dB,X,E
0.8,9.0,[-1  1  1 ... -1 -1 -1],"[ -2.82418498   1.54483884   1.7084997  ... -14.30149518 -14.45934056
 -14.29426787]"
I_a,snr_dB,X,E
0.9,9.0,[ 1  1 -1 ... -1  1  1],"[ 18.54856928  17.86689451 -17.6496889  ... -17.2594283   18.43706022
  19.343245  ]"
I_a,snr_dB,X,E
0.0,10.0,[ 1 -1  1 ... -1 -1 -1],"[  5.98983284  -2.01221375   6.02360877 ... -16.35215745 -15.98571466
 -14.54971547]"
I_a,snr_dB,X,E
0.1,10.0,[ 1  1 -1 ... -1  1 -1],"[  8.39011542   9.75370823  -8.86770462 ... -13.90725557  13.27197483
 -13.25367123]"
I_a,snr_dB,X,E
0.2,10.0,[-1 -1 -1 ...  1 -1  1],"[-11.49983405 -12.29196543  -9.89896526 ...   1.39339989  -1.53610626
   2.95798197]"
I_a,snr_dB,X,E
0.30000000000000004,10.0,[ 1  1  1 ... -1  1 -1],"[ 2.42573601  4.78806735  5.83785982 ... -7.35656509  7.11893973
 -6.61053255]"
I_a,snr_dB,X,E
0.4,10.0,[-1 -1  1 ...  1  1  1],"[-13.61790516 -10.78356564  10.8872473  ...   7.51321267   7.56582233
   7.92676023]"
I_a,snr_dB,X,E
0.5,10.0,[-1  1  1 ...  1  1 -1],"[ -7.20755347   8.635644     3.91736972 ...  11.10710081  11.00067625
 -10.72585007]"
I_a,snr_dB,X,E
0.6000000000000001,10.0,[ 1 -1  1 ... -1 -1 -1],"[ 12.95320904 -13.02045388  14.94152967 ... -10.51700103 -13.00972807
 -10.53988058]"
I_a,snr_dB,X,E
0.7000000000000001,10.0,[ 1 -1  1 ...  1 -1 -1],"[ 11.4557359  -11.48515483  11.86921684 ...  12.21444174 -12.40980962
 -12.25018059]"
I_a,snr_dB,X,E
0.8,10.0,[-1  1 -1 ...  1  1 -1],"[-13.21027643  13.1553529  -15.68927383 ...  14.84902983  15.21504433
 -14.88655442]"
I_a,snr_dB,X,E
0.9,10.0,[ 1 -1 -1 ...  1  1  1],"[ 10.86846634 -11.29461762 -11.05098024 ...  16.8054749   18.82389083
  16.80319537]"
I_a,snr_dB,X,E
0.0,6.0,[-1 -1  1 ...  1 -1  1],"[-1.9064299  -2.08553183  2.07849342 ...  4.62511266 -3.94365312
  3.76203171]"
I_a,snr_dB,X,E
0.1,6.0,[-1 -1  1 ...  1 -1 -1],"[-1.73154505 -2.071855   -0.07381803 ... -0.313707    0.1490288
 -0.02685015]"
I_a,snr_dB,X,E
0.2,6.0,[-1 -1  1 ... -1 -1 -1],"[-0.9726384  -1.21376763  1.01341366 ... -0.84799214  0.60367009
  0.72756982]"
I_a,snr_dB,X,E
0.30000000000000004,6.0,[-1 -1 -1 ... -1  1 -1],"[-0.49509166  0.71660591  1.37360554 ... -1.53665159  1.697871
 -1.82058334]"
I_a,snr_dB,X,E
0.4,6.0,[-1 -1  1 ...  1 -1  1],"[-1.65123958 -0.12160056 -0.38756832 ... -0.16140012 -0.40095093
  0.24858831]"
I_a,snr_dB,X,E
0.5,6.0,[-1 -1  1 ... -1  1 -1],"[-2.26514919 -0.82872145  0.72898064 ...  0.07878389 -0.30005598
 -0.77862056]"
I_a,snr_dB,X,E
0.6000000000000001,6.0,[-1 -1  1 ... -1 -1 -1],"[-1.42499695  0.05821383  0.41225909 ... -1.59856061 -1.62091144
 -1.97755743]"
I_a,snr_dB,X,E
0.7000000000000001,6.0,[-1 -1  1 ... -1  1  1],"[-1.6243764  -1.36924655  1.5212954  ... -2.97393942  1.11823602
  3.15696013]"
I_a,snr_dB,X,E
0.8,6.0,[ 1 -1  1 ...  1  1  1],[0.34040938 0.35936598 0.01246957 ... 1.49928604 1.40086287 1.31009321]
I_a,snr_dB,X,E
0.9,6.0,[ 1  1 -1 ... -1 -1 -1],"[ 1.68382187 -0.8073825  -1.58799476 ... -0.28484444  0.31081864
  0.68677427]"
I_a,snr_dB,X,E
0.0,7.0,[ 1  1  1 ...  1 -1 -1],"[ 1.88091447 -1.98844055  2.25567139 ...  5.31899152 -5.2969049
 -5.83281212]"
I_a,snr_dB,X,E
0.1,7.0,[ 1 -1 -1 ...  1 -1  1],"[ 1.07999133 -1.83014236 -0.95713133 ...  1.69496599  1.36261993
  1.41364268]"
I_a,snr_dB,X,E
0.2,7.0,[-1  1  1 ... -1  1 -1],"[-0.41714272 -0.95589155 -1.03675041 ... -4.5256137   5.18391063
 -3.93015354]"
I_a,snr_dB,X,E
0.30000000000000004,7.0,[-1 -1 -1 ... -1 -1 -1],"[ 1.22624642  0.02489169  0.85983231 ... -0.41975044 -0.77099067
  0.3664886 ]"
I_a,snr_dB,X,E
0.4,7.0,[-1 -1 -1 ... -1  1 -1],"[-2.60669354 -2.72623854 -3.49309371 ...  0.1656473   0.83708814
 -0.6537228 ]"
I_a,snr_dB,X,E
0.5,7.0,[ 1  1  1 ... -1 -1 -1],"[ 2.73103734  0.31417926  1.35283356 ... -0.88784891 -0.86238694
 -0.97923453]"
I_a,snr_dB,X,E
0.6000000000000001,7.0,[ 1 -1  1 ...  1  1 -1],"[ 3.39880321 -3.23397228  3.27223483 ...  2.05914317  3.79360253
 -2.97221297]"
I_a,snr_dB,X,E
0.7000000000000001,7.0,[ 1 -1  1 ... -1 -1  1],"[ 1.10279025 -1.08518383  0.84503026 ...  0.16216696 -0.03825096
  0.29037057]"
I_a,snr_dB,X,E
0.8,7.0,[ 1 -1  1 ... -1 -1  1],"[ 0.74732135 -0.76613302  1.06776945 ...  1.33278383 -0.497542
 -0.54180969]"
I_a,snr_dB,X,E
0.9,7.0,[ 1 -1 -1 ... -1  1 -1],"[-0.16545971  0.0649268   0.15900264 ...  0.96307539 -0.16659027
 -1.14353348]"
I_a,snr_dB,X,E
0.0,8.0,[ 1 -1  1 ...  1 -1 -1],"[ 0.30854017 -2.1028009   0.40608409 ...  0.66881191 -0.11956774
 -0.2545746 ]"
I_a,snr_dB,X,E
0.1,8.0,[-1  1 -1 ... -1 -1  1],"[-4.43012869 -0.05210655  0.0986759  ... -1.18930671 -0.50412236
  1.76302867]"
I_a,snr_dB,X,E
0.2,8.0,[-1  1 -1 ... -1  1 -1],"[-0.70792922  0.17342552  0.01686276 ... -1.73408775  1.16424403
 -1.35335585]"
I_a,snr_dB,X,E
0.30000000000000004,8.0,[-1 -1  1 ... -1 -1  1],"[-1.997233   -0.87315369 -0.91950815 ... -3.94273989 -3.8412098
  4.16337027]"
I_a,snr_dB,X,E
0.4,8.0,[ 1 -1  1 ...  1  1  1],"[-0.86633939 -0.91556224 -0.34756789 ...  5.07401764  4.64278936
  4.88397402]"
I_a,snr_dB,X,E
0.5,8.0,[-1  1 -1 ...  1 -1  1],"[-4.20186705  4.01876596 -3.9893802  ... -0.04311246 -0.54737336
 -0.42460532]"
I_a,snr_dB,X,E
0.6000000000000001,8.0,[-1  1  1 ...  1  1 -1],"[-0.75502247  1.67443033  1.15475962 ...  1.33632856  1.97074638
 -1.27248226]"
I_a,snr_dB,X,E
0.7000000000000001,8.0,[ 1  1  1 ... -1  1 -1],"[-1.10837459 -0.65450546  1.60731222 ... -0.75316249  1.07205007
 -0.71362112]"
I_a,snr_dB,X,E
0.8,8.0,[-1  1  1 ... -1 -1  1],"[-6.92828202e+00  5.80047704e+00  6.03179244e+00 ...  2.13865865e-03
  8.84263765e-01  2.20456551e+00]"
I_a,snr_dB,X,E
0.9,8.0,[ 1  1  1 ...  1  1 -1],"[ 3.0610729   3.32488929  2.56344679 ... -2.63391563 -1.97695268
 -1.08939405]"
I_a,snr_dB,X,E
0.0,9.0,[ 1  1 -1 ... -1  1 -1],"[ 4.52327115  4.48899997 -4.39694697 ... -1.6012285   1.5554485
 -1.49260979]"
I_a,snr_dB,X,E
0.1,9.0,[-1 -1  1 ... -1  1  1],"[-1.80587     0.0552865   0.10379527 ... -2.44265251  3.03071656
  2.44966033]"
I_a,snr_dB,X,E
0.2,9.0,[ 1 -1 -1 ... -1  1 -1],"[ 4.8259655  -3.13138435 -3.2515049  ... -6.31231345  6.22239367
 -6.20184666]"
I_a,snr_dB,X,E
0.30000000000000004,9.0,[ 1  1 -1 ...  1 -1  1],"[ 9.31859492  9.91942956 -9.12096816 ...  4.00614853 -5.89664733
  5.36122418]"
I_a,snr_dB,X,E
0.4,9.0,[ 1  1 -1 ...  1  1 -1],"[ 0.09877093 -0.00646865 -0.09072503 ...  2.53585706  2.18146486
 -2.15901067]"
I_a,snr_dB,X,E
0.5,9.0,[1 1 1 ... 1 1 1],"[-1.03654459 -1.35865257 -0.4811163  ...  0.60733388  0.77445247
  0.33581708]"
I_a,snr_dB,X,E
0.6000000000000001,9.0,[-1  1 -1 ... -1  1 -1],"[ 0.10984167  2.21662026 -1.52263431 ...  0.26515153  1.30190789
  0.30279542]"
I_a,snr_dB,X,E
0.7000000000000001,9.0,[ 1 -1  1 ...  1  1 -1],"[ 0.71357069 -0.21096035  1.26567893 ...  3.84142429  7.50251994
 -6.34989577]"
I_a,snr_dB,X,E
0.8,9.0,[ 1  1 -1 ... -1  1 -1],"[  7.91412857   8.33049186 -11.52923037 ...  -0.88487621   3.07111583
  -2.9951366 ]"
I_a,snr_dB,X,E
0.9,9.0,[ 1  1 -1 ...  1 -1  1],"[ 7.71398159  9.96625118 -4.70903068 ...  5.82736236 -6.85585792
  6.04172987]"
I_a,snr_dB,X,E
0.0,10.0,[-1 -1 -1 ... -1  1  1],"[-1.55877332  0.3223338  -1.38727923 ... -3.24646101  3.39568939
  5.83205758]"
I_a,snr_dB,X,E
0.1,10.0,[-1 -1 -1 ...  1  1 -1],"[-8.16219838 -8.78546186 -7.78611275 ...  3.78983308 -0.08632997
  0.06182634]"
I_a,snr_dB,X,E
0.2,10.0,[ 1 -1 -1 ... -1  1  1],"[  8.18387505 -10.611473    -8.34677979 ... -11.28756582   9.9700665
  10.14677315]"
I_a,snr_dB,X,E
0.30000000000000004,10.0,[ 1 -1  1 ... -1  1 -1],"[ 12.5216571  -12.65472851  11.32564923 ... -10.40033312  12.82517126
 -13.36789013]"
I_a,snr_dB,X,E
0.4,10.0,[ 1 -1 -1 ... -1 -1  1],"[ 6.98187002 -8.38790022 -8.08791881 ... -6.8595919  -6.84733336
  6.86080524]"
I_a,snr_dB,X,E
0.5,10.0,[ 1  1 -1 ...  1 -1 -1],"[ 11.76919488  12.39773536 -11.39597544 ...   9.80175222  -8.8414999
  -9.39907192]"
I_a,snr_dB,X,E
0.6000000000000001,10.0,[-1  1  1 ... -1  1  1],"[-15.20819818  13.4058042   14.44562149 ...  -7.44241882   8.63470538
  10.55997211]"
I_a,snr_dB,X,E
0.7000000000000001,10.0,[ 1 -1 -1 ... -1 -1  1],"[ 19.81835461 -10.71076311 -10.71053232 ...  -5.09979885  -5.42661753
   2.11866302]"
I_a,snr_dB,X,E
0.8,10.0,[-1 -1  1 ... -1  1  1],"[ -9.00074461  -8.31550083   8.24182869 ... -23.03590544  23.29307723
  25.03996308]"
I_a,snr_dB,X,E
0.9,10.0,[-1  1 -1 ...  1 -1 -1],"[-12.95048536  13.044562   -14.10433303 ...  11.26515987 -10.79537797
 -11.03463998]"
I_a,snr_dB,X,E
0.0,6.0,[-1  1 -1 ... -1  1 -1],"[-0.77655372  0.91081587 -0.62651207 ... -2.77357173  2.64309648
 -2.79594566]"
I_a,snr_dB,X,E
0.1,6.0,[ 1 -1  1 ...  1  1 -1],"[ 0.24009855 -0.58775969  0.67952116 ...  0.8566843  -0.99936203
 -0.40718015]"
I_a,snr_dB,X,E
0.2,6.0,[-1  1  1 ... -1 -1 -1],"[-1.37427427  0.27839054  0.00511827 ...  0.87722433  0.9382635
  0.7979177 ]"
I_a,snr_dB,X,E
0.30000000000000004,6.0,[ 1 -1  1 ...  1  1  1],"[ 1.66282054 -1.19132439  1.59333429 ... -0.27060527  0.5676144
 -0.24917464]"
I_a,snr_dB,X,E
0.4,6.0,[-1  1  1 ...  1  1  1],"[-0.35817386  0.38282306  2.98868769 ...  1.15274523  0.97643959
  0.90239202]"
I_a,snr_dB,X,E
0.5,6.0,[ 1 -1  1 ...  1 -1 -1],"[ 2.03759288e+00 -9.66224133e-01  1.99636477e+00 ...  3.75070080e-01
 -9.26167378e-01 -7.88855076e-04]"
I_a,snr_dB,X,E
0.6000000000000001,6.0,[-1  1  1 ... -1  1 -1],"[ 0.09277962  0.08300481 -0.01851971 ... -3.466359    4.2630215
 -3.69412851]"
I_a,snr_dB,X,E
0.7000000000000001,6.0,[-1  1  1 ... -1 -1 -1],"[-1.01495407  0.30212806  0.61160539 ... -4.51113846 -4.41041184
 -4.46971613]"
I_a,snr_dB,X,E
0.8,6.0,[ 1  1  1 ... -1  1  1],"[-0.51317051  1.40590909  0.51638245 ...  0.52969876 -0.50655733
  1.23792415]"
I_a,snr_dB,X,E
0.9,6.0,[ 1  1  1 ... -1 -1  1],"[-0.31530449 -0.78832675 -0.66002943 ... -4.32277219 -4.50258581
  3.79316144]"
I_a,snr_dB,X,E
0.0,7.0,[ 1 -1 -1 ...  1  1 -1],"[-1.46471249  0.26136237  0.84667644 ... -0.37808474  0.21153067
 -0.15674988]"
I_a,snr_dB,X,E
0.1,7.0,[-1 -1  1 ... -1  1 -1],"[-0.6218911  -1.01632158  0.79607146 ... -2.33680346 -0.47399331
 -3.01291767]"
I_a,snr_dB,X,E
0.2,7.0,[1 1 1 ... 1 1 1],[0.65697113 0.66672343 1.10583944 ... 2.66073431 2.95432798 2.9322416 ]
I_a,snr_dB,X,E
0.30000000000000004,7.0,[-1 -1 -1 ... -1  1  1],"[ 1.06548037  0.89074597 -0.75009032 ... -2.03894405  0.51415693
  2.18888206]"
I_a,snr_dB,X,E
0.4,7.0,[ 1  1 -1 ...  1 -1 -1],"[ 2.16025004  2.23683583 -2.3012151  ... -0.48250157 -0.22360086
 -0.73996943]"
I_a,snr_dB,X,E
0.5,7.0,[ 1  1  1 ... -1  1 -1],"[ 4.77567328  4.61749216  5.09404354 ... -1.13702876  1.17281248
 -1.02888987]"
I_a,snr_dB,X,E
0.6000000000000001,7.0,[ 1  1  1 ...  1 -1  1],"[ 1.69967238  1.10438253  0.05891353 ...  3.80066974 -4.62991178
  4.83806037]"
I_a,snr_dB,X,E
0.7000000000000001,7.0,[-1 -1  1 ...  1  1  1],"[-1.48393183 -1.98833711  2.12441821 ...  0.72141024  1.38793439
  1.34147053]"
I_a,snr_dB,X,E
0.8,7.0,[ 1 -1  1 ... -1  1 -1],"[-0.19987118 -0.7567975   0.15791802 ... -3.05609414  2.99642479
 -3.44143606]"
I_a,snr_dB,X,E
0.9,7.0,[-1 -1  1 ... -1 -1 -1],"[-0.5212232   0.39334359  0.36357014 ... -7.78467822 -8.07842577
 -7.81098078]"
I_a,snr_dB,X,E
0.0,8.0,[ 1  1  1 ...  1 -1  1],"[-0.11374528  1.37133212 -1.53010206 ...  0.71923034 -0.15386793
  0.69385887]"
I_a,snr_dB,X,E
0.1,8.0,[-1 -1 -1 ...  1 -1 -1],"[-3.59714663 -3.35544672 -3.99486943 ...  5.99679651 -5.98514213
 -6.00027587]"
I_a,snr_dB,X,E
0.2,8.0,[1 1 1 ... 1 1 1],"[-0.53675016 -0.11900023  1.45419626 ...  4.24098301  6.67516282
  4.21508194]"
I_a,snr_dB,X,E
0.30000000000000004,8.0,[-1  1 -1 ... -1 -1  1],"[-6.76911236  7.11271243 -6.50386526 ...  0.11713109  0.94796376
 -0.24506915]"
I_a,snr_dB,X,E
0.4,8.0,[-1  1 -1 ... -1 -1 -1],"[-0.91888346  0.47350012 -0.97990144 ... -0.16170279  0.72174825
  0.08118946]"
I_a,snr_dB,X,E
0.5,8.0,[-1  1  1 ...  1  1 -1],"[-4.50629145 -1.21852255  4.1980186  ...  3.51408052 -0.44236485
 -2.97216019]"
I_a,snr_dB,X,E
0.6000000000000001,8.0,[-1 -1  1 ...  1 -1  1],"[-1.20818114 -0.31658157  1.43438942 ...  0.33391746 -0.24825251
  0.90887223]"
I_a,snr_dB,X,E
0.7000000000000001,8.0,[ 1 -1  1 ... -1 -1  1],"[ 0.67064128  0.2226797   0.18579989 ... -0.66527375 -0.57364362
  2.92585665]"
I_a,snr_dB,X,E
0.8,8.0,[-1 -1 -1 ... -1 -1 -1],"[-3.700048   -3.81748171 -3.91101219 ... -3.17558308 -2.76588557
 -2.93438233]"
I_a,snr_dB,X,E
0.9,8.0,[-1  1 -1 ... -1 -1 -1],"[-2.97419114  3.01022656 -3.50499677 ... -4.1018102  -4.29991143
 -3.79799034]"
I_a,snr_dB,X,E
0.0,9.0,[ 1  1  1 ... -1 -1 -1],"[ 0.08144768  1.08908648  1.122046   ... -6.43561616 -6.42194866
 -6.64136387]"
I_a,snr_dB,X,E
0.1,9.0,[-1 -1  1 ...  1  1  1],[0.10327426 1.30611702 0.4318472  ... 2.28262969 3.85918543 3.14788156]
I_a,snr_dB,X,E
0.2,9.0,[-1  1 -1 ... -1  1 -1],"[-3.49169809  2.58261297 -2.85156659 ...  0.06343678  0.51253277
  1.89916955]"
I_a,snr_dB,X,E
0.30000000000000004,9.0,[ 1 -1 -1 ... -1 -1  1],"[ 14.80075145 -13.91243542 -13.9053074  ...  -4.91639869  -6.19603988
   4.9136062 ]"
I_a,snr_dB,X,E
0.4,9.0,[-1  1 -1 ... -1 -1 -1],"[-1.42168168  2.16522877 -3.58851183 ... -0.13212527  0.03722667
  0.05581675]"
I_a,snr_dB,X,E
0.5,9.0,[ 1 -1  1 ...  1  1  1],"[ 7.99366987 -9.76876167  7.81848635 ...  6.31495941  6.84876845
  6.48897881]"
I_a,snr_dB,X,E
0.6000000000000001,9.0,[ 1 -1  1 ... -1  1 -1],"[ 6.73464635 -3.67111652  6.5352891  ... -6.9483121   7.27238989
 -7.39360372]"
I_a,snr_dB,X,E
0.7000000000000001,9.0,[ 1  1  1 ... -1  1 -1],"[ 5.72917729  3.06184172  3.14769452 ... -8.94345563  9.21156605
 -8.68472644]"
I_a,snr_dB,X,E
0.8,9.0,[ 1  1  1 ... -1 -1  1],"[  5.2925931    7.85483482  10.4785094  ... -10.44145474 -10.00962608
  10.91994078]"
I_a,snr_dB,X,E
0.9,9.0,[ 1 -1  1 ... -1  1 -1],"[ 10.31430164 -10.59440413  12.63667599 ...  -9.7556402    9.41568772
 -13.32501462]"
I_a,snr_dB,X,E
0.0,10.0,[ 1 -1  1 ... -1  1 -1],"[  1.63143226  -1.62576253   5.71614331 ... -13.72666773  13.12100207
 -14.81611467]"
I_a,snr_dB,X,E
0.1,10.0,[-1  1  1 ...  1 -1 -1],"[-10.95806521  10.22978936  12.15688802 ...   3.98164133  -5.92523296
  -3.99547172]"
I_a,snr_dB,X,E
0.2,10.0,[-1  1 -1 ...  1  1  1],"[-11.21611629  10.77391609 -10.24178403 ...   5.37884871   5.35552686
   8.45971594]"
I_a,snr_dB,X,E
0.30000000000000004,10.0,[-1  1 -1 ... -1 -1  1],"[-15.42808153  13.85090806 -13.5953103  ...  -3.65216283  -4.16620303
   3.8533143 ]"
I_a,snr_dB,X,E
0.4,10.0,[-1 -1 -1 ... -1  1 -1],"[ -8.14636795 -11.81543325 -11.64199865 ...  -7.48790221   6.2828879
  -6.29812536]"
I_a,snr_dB,X,E
0.5,10.0,[ 1  1 -1 ...  1 -1  1],"[  6.36332462   8.7818145   -5.51829323 ...  10.25915912 -12.18961965
  11.4294646 ]"
I_a,snr_dB,X,E
0.6000000000000001,10.0,[-1  1  1 ... -1  1  1],"[-7.54784717  9.19523249  7.53831794 ... -4.14672875  3.98506099
  4.80277064]"
I_a,snr_dB,X,E
0.7000000000000001,10.0,[-1 -1  1 ...  1  1 -1],"[ -4.50253703  -5.46473378   5.55785695 ...  11.14688703  10.83015144
 -10.99390302]"
I_a,snr_dB,X,E
0.8,10.0,[ 1 -1  1 ...  1  1 -1],"[ 24.39887179 -23.07992473  22.66877847 ...  14.66169607  19.03333812
 -14.66034006]"
I_a,snr_dB,X,E
0.9,10.0,[-1  1 -1 ...  1 -1 -1],"[-10.25255638   7.52790062  -7.90896894 ...  18.12959228 -19.04547466
 -18.27697   ]"
I_a,snr_dB,X,E
0.0,6.0,[ 1  1  1 ...  1  1 -1],"[ 0.57928678  1.13106118  0.81215745 ...  0.04136649 -0.39145856
 -0.45286823]"
I_a,snr_dB,X,E
0.1,6.0,[ 1 -1 -1 ...  1  1 -1],"[ 1.33292274 -0.8938681  -1.62109312 ... -1.02138109  0.69494832
  1.18221022]"
I_a,snr_dB,X,E
0.2,6.0,[-1  1 -1 ... -1  1  1],"[-1.28594872  0.97234055 -1.67719465 ... -2.02349398  0.00725946
 -0.09555815]"
I_a,snr_dB,X,E
0.30000000000000004,6.0,[ 1 -1 -1 ... -1  1  1],"[ 0.86361066 -1.03886816 -0.79082318 ...  0.20186199 -0.51115008
  2.28203813]"
I_a,snr_dB,X,E
0.4,6.0,[-1  1 -1 ... -1  1  1],"[-1.16763391  0.63558791  0.82590575 ... -1.30081858 -1.28897617
  2.03285021]"
I_a,snr_dB,X,E
0.5,6.0,[ 1  1 -1 ... -1 -1  1],"[ 3.93846997 -0.21485956  0.2330223  ... -0.92754505 -1.41561658
  1.22351823]"
I_a,snr_dB,X,E
0.6000000000000001,6.0,[-1 -1 -1 ...  1 -1 -1],"[-1.05623986  0.38494416  0.09914421 ...  0.29910131 -0.32692767
 -0.53226207]"
I_a,snr_dB,X,E
0.7000000000000001,6.0,[ 1 -1 -1 ...  1  1 -1],"[ 1.08605513  1.37198434 -1.0926918  ...  0.74794202  1.58962989
 -2.19987449]"
I_a,snr_dB,X,E
0.8,6.0,[-1 -1 -1 ...  1 -1 -1],"[-0.83359646 -1.04330951 -1.28017049 ...  0.50185199 -0.8246883
 -0.4013406 ]"
I_a,snr_dB,X,E
0.9,6.0,[ 1  1 -1 ...  1  1  1],"[ 1.51216875  2.33349825 -1.70882805 ...  2.76235914  2.8994219
  2.84265969]"
I_a,snr_dB,X,E
0.0,7.0,[-1  1 -1 ... -1  1  1],"[-0.78506484 -0.83013751 -0.47918082 ... -0.80151424 -0.18455411
  0.9613263 ]"
I_a,snr_dB,X,E
0.1,7.0,[-1  1 -1 ...  1 -1 -1],"[ 0.91974574  1.06325565 -1.25651323 ...  1.39401738 -1.31712677
 -1.13918332]"
I_a,snr_dB,X,E
0.2,7.0,[-1 -1  1 ...  1 -1  1],"[-1.86425992 -1.18004088  1.31852332 ... -0.56756115  1.00435848
 -0.79872605]"
I_a,snr_dB,X,E
0.30000000000000004,7.0,[-1  1 -1 ...  1 -1 -1],"[-2.77917207  0.53321745  1.23973946 ...  3.88424405 -3.66224543
 -3.01485245]"
I_a,snr_dB,X,E
0.4,7.0,[-1 -1  1 ... -1 -1  1],"[ 1.24077264  1.25634303 -1.22180454 ...  0.55471202  1.03076013
  0.51916485]"
I_a,snr_dB,X,E
0.5,7.0,[-1  1 -1 ... -1 -1 -1],"[-1.61984575  1.77724203 -1.5016662  ... -3.58750306 -3.69815903
 -3.69348363]"
I_a,snr_dB,X,E
0.6000000000000001,7.0,[-1  1 -1 ...  1 -1 -1],"[ 0.44505432  0.54483974  0.77702276 ... -0.66622358 -0.46381741
 -0.46025261]"
I_a,snr_dB,X,E
0.7000000000000001,7.0,[-1 -1 -1 ... -1 -1 -1],"[-1.16742917 -0.1072916  -0.5383118  ... -0.66995835  0.87024113
 -0.3389691 ]"
I_a,snr_dB,X,E
0.8,7.0,[ 1  1  1 ...  1 -1 -1],"[ 3.96245638  4.12870127  4.6201229  ...  0.35895939 -0.96778072
  0.10358935]"
I_a,snr_dB,X,E
0.9,7.0,[ 1  1  1 ...  1 -1 -1],"[ 5.38578219  4.65384261  4.25863009 ...  3.14519698 -3.47483707
 -3.62992925]"
I_a,snr_dB,X,E
0.0,8.0,[-1  1  1 ... -1  1  1],"[-2.16458485  0.74303158  0.84016733 ... -2.2199267   3.62315084
  2.32291366]"
I_a,snr_dB,X,E
0.1,8.0,[-1  1  1 ... -1  1 -1],"[-0.11297664 -0.52876022  0.20269221 ... -5.43621409  5.70461857
 -5.43924412]"
I_a,snr_dB,X,E
0.2,8.0,[-1  1  1 ... -1 -1 -1],"[-5.43124173  6.8066887   7.09252957 ... -1.42795761 -0.02354353
  0.41008162]"
I_a,snr_dB,X,E
0.30000000000000004,8.0,[-1 -1 -1 ...  1 -1 -1],"[-0.25574817 -0.74651559 -0.82005262 ... -0.02637477  0.223869
  0.19924219]"
I_a,snr_dB,X,E
0.4,8.0,[-1  1  1 ...  1  1 -1],"[-3.82221939  1.07394807  3.47752679 ...  1.47249965  3.25985024
 -1.84320897]"
I_a,snr_dB,X,E
0.5,8.0,[ 1  1 -1 ... -1 -1 -1],"[-2.76217851  1.8038367   2.94972982 ... -1.76377966 -1.43200287
 -2.27496663]"
I_a,snr_dB,X,E
0.6000000000000001,8.0,[ 1 -1 -1 ...  1  1  1],"[ 0.48621923  0.76643252 -0.38313957 ... -0.05297599  0.35240192
 -0.02540204]"
I_a,snr_dB,X,E
0.7000000000000001,8.0,[ 1 -1  1 ... -1 -1 -1],"[-3.60101753  3.48124564  3.74334128 ... -6.7811312  -5.93491281
 -6.64904422]"
I_a,snr_dB,X,E
0.8,8.0,[-1 -1  1 ...  1  1  1],"[-0.06867774 -1.31578437  1.27290995 ...  2.07363662  1.56142709
  1.74342371]"
I_a,snr_dB,X,E
0.9,8.0,[-1  1 -1 ...  1  1 -1],"[-5.48474043  6.12871768 -6.23870852 ...  7.3590903   7.53142546
 -7.46435812]"
I_a,snr_dB,X,E
0.0,9.0,[-1 -1 -1 ...  1  1  1],"[-7.55625324 -7.72062271 -7.48405998 ...  5.84044961  2.55055402
  6.11833296]"
I_a,snr_dB,X,E
0.1,9.0,[-1 -1  1 ... -1 -1 -1],"[-0.7306669  -0.22868153  0.20905526 ... -3.84772124 -3.71614006
  4.23109452]"
I_a,snr_dB,X,E
0.2,9.0,[-1  1 -1 ...  1  1  1],"[-5.41466034  5.80850441 -5.28177618 ... 10.32069705  9.12271907
 10.17256639]"
I_a,snr_dB,X,E
0.30000000000000004,9.0,[ 1  1  1 ...  1  1 -1],"[ 5.35577325  4.97037572  4.83550443 ...  3.24100233  3.36470282
 -3.55159628]"
I_a,snr_dB,X,E
0.4,9.0,[ 1  1  1 ... -1  1 -1],"[ 0.46709188  1.24210929  0.32769079 ... -7.34169209  6.32138745
 -7.40677021]"
I_a,snr_dB,X,E
0.5,9.0,[-1  1  1 ...  1  1 -1],"[-0.68265463  1.48722776  1.02431158 ...  3.62925019  4.89463839
 -4.37804477]"
I_a,snr_dB,X,E
0.6000000000000001,9.0,[ 1  1  1 ... -1  1 -1],"[ 0.78976714 -0.54213834 -0.33400095 ... -5.0242791   4.85751401
 -5.26573627]"
I_a,snr_dB,X,E
0.7000000000000001,9.0,[ 1  1  1 ... -1  1  1],"[ 1.43838141  3.05281048  2.91998813 ... -3.71382892  3.94583279
  3.94606929]"
I_a,snr_dB,X,E
0.8,9.0,[-1  1 -1 ... -1 -1  1],"[-10.48794127   9.26811194  -9.5709088  ...  -1.69620393  -2.28170677
   2.65509208]"
I_a,snr_dB,X,E
0.9,9.0,[-1 -1  1 ...  1 -1 -1],"[-10.83810536 -10.77530757  10.75256714 ...  12.97924133 -14.6316356
 -15.33786753]"
I_a,snr_dB,X,E
0.0,10.0,[-1 -1 -1 ... -1  1 -1],"[ -0.58211324   0.37886569  -0.1800785  ...  -8.163859     8.15122011
 -10.50416514]"
I_a,snr_dB,X,E
0.1,10.0,[-1 -1  1 ... -1  1 -1],"[-10.62185352 -10.55258332  10.64228941 ... -15.29689095  15.98284066
 -15.12465388]"
I_a,snr_dB,X,E
0.2,10.0,[ 1 -1 -1 ... -1 -1  1],"[  6.90400187  -5.26211838  -6.47276958 ... -13.75767965 -15.62855352
  15.39229275]"
I_a,snr_dB,X,E
0.30000000000000004,10.0,[-1  1  1 ... -1  1  1],"[ -8.93099797   9.422599     9.30404876 ... -29.25637226  29.99930725
  29.72067679]"
I_a,snr_dB,X,E
0.4,10.0,[ 1 -1 -1 ...  1  1  1],"[ 7.6408222  -8.63787303 -7.31107357 ... 11.40752579  7.54812172
 10.99798099]"
I_a,snr_dB,X,E
0.5,10.0,[ 1  1  1 ... -1  1 -1],"[ 10.2190865    9.51966517   9.5018122  ... -10.15267921  11.87027675
  -9.96730272]"
I_a,snr_dB,X,E
0.6000000000000001,10.0,[-1 -1  1 ... -1  1 -1],"[ -1.26994342  -1.2552968    6.18905089 ... -21.06504562  20.30765399
 -20.11966404]"
I_a,snr_dB,X,E
0.7000000000000001,10.0,[ 1 -1 -1 ... -1  1  1],"[  4.35728833  -6.50405658  -4.25149397 ... -14.11991283  10.29591776
  10.29549673]"
I_a,snr_dB,X,E
0.8,10.0,[-1  1 -1 ... -1  1 -1],"[ 2.90830689  3.44749334  2.90353004 ... -6.65932455  5.31373681
 -6.50992718]"
I_a,snr_dB,X,E
0.9,10.0,[ 1 -1  1 ...  1  1 -1],"[ 22.14243643 -21.57399145  22.74359398 ...  21.16350271  19.78185859
 -21.31933724]"
I_a,snr_dB,X,E
0.0,6.0,[ 1  1 -1 ...  1  1  1],"[ 0.23873817  0.37995369 -1.80432157 ... -0.83807151 -0.70323989
  1.22521877]"
I_a,snr_dB,X,E
0.1,6.0,[ 1 -1 -1 ... -1 -1 -1],"[-0.66506668 -0.87579497  0.74349561 ... -0.54160475 -0.76684063
 -0.82461715]"
I_a,snr_dB,X,E
0.2,6.0,[ 1 -1 -1 ...  1 -1  1],"[ 3.35552071 -2.25780202 -3.04604494 ...  1.5012761  -1.4304873
  1.10803345]"
I_a,snr_dB,X,E
0.30000000000000004,6.0,[ 1  1 -1 ...  1  1 -1],"[ 1.28039503 -0.913028   -1.50684442 ... -0.60206825  0.14726419
 -0.71311914]"
I_a,snr_dB,X,E
0.4,6.0,[ 1 -1  1 ... -1  1  1],"[-0.25729    -0.035599   -0.43352695 ...  0.23258976 -0.53411547
 -0.53679093]"
I_a,snr_dB,X,E
0.5,6.0,[ 1 -1  1 ...  1 -1 -1],"[ 0.21537329  0.69197224  0.76435116 ...  0.93727082 -0.36794509
 -0.86154783]"
I_a,snr_dB,X,E
0.6000000000000001,6.0,[-1 -1 -1 ... -1  1  1],"[-0.75417777 -0.12773345 -0.08713916 ... -5.82331047  6.42443716
  5.95828381]"
I_a,snr_dB,X,E
0.7000000000000001,6.0,[-1 -1  1 ...  1 -1  1],"[-1.72767579  0.11936437  1.69492668 ... -1.21609627 -0.61504005
 -0.46796015]"
I_a,snr_dB,X,E
0.8,6.0,[-1 -1  1 ...  1  1 -1],"[-2.90855018 -2.8704163   2.78659946 ...  1.99148792  1.92641743
 -1.73033964]"
I_a,snr_dB,X,E
0.9,6.0,[-1 -1 -1 ...  1 -1  1],"[-1.62264318 -0.9126854  -1.04509559 ...  2.12881236 -1.50108889
  1.67264997]"
I_a,snr_dB,X,E
0.0,7.0,[-1 -1 -1 ... -1  1 -1],"[-1.59623185 -1.15928101 -2.95076657 ...  0.79366172  1.30722986
 -0.87741586]"
I_a,snr_dB,X,E
0.1,7.0,[ 1 -1 -1 ... -1 -1 -1],"[ 0.90648434 -2.55021608 -1.68649997 ... -0.95554947 -0.75091675
 -0.67224647]"
I_a,snr_dB,X,E
0.2,7.0,[-1 -1  1 ... -1 -1  1],"[-0.53153374 -0.66198263  0.30354772 ... -1.30545988 -2.26992086
  1.85736464]"
I_a,snr_dB,X,E
0.30000000000000004,7.0,[-1 -1  1 ... -1 -1  1],"[-1.67286849  2.34663099  2.56151448 ... -2.56337118 -2.59242728
 -0.59518517]"
I_a,snr_dB,X,E
0.4,7.0,[-1  1 -1 ...  1 -1 -1],"[-8.73932876  9.1622481  -9.56475034 ...  0.87746417 -0.27350235
  0.63019662]"
I_a,snr_dB,X,E
0.5,7.0,[-1  1  1 ...  1  1 -1],"[-0.19965546 -2.43832423  0.984857   ...  0.0182819   0.21041657
 -0.95999438]"
I_a,snr_dB,X,E
0.6000000000000001,7.0,[ 1 -1  1 ... -1  1  1],"[ 1.10305766 -0.49699908 -0.34179536 ... -0.49463465  0.51817601
 -0.51326659]"
I_a,snr_dB,X,E
0.7000000000000001,7.0,[-1  1 -1 ... -1  1 -1],"[ 0.39041552  0.06132042  0.16821652 ... -0.49291742  0.28082419
 -1.10175422]"
I_a,snr_dB,X,E
0.8,7.0,[ 1  1 -1 ...  1 -1  1],"[ 1.91462261  0.26568078 -0.74522213 ...  1.02023943  0.21053379
  1.14928367]"
I_a,snr_dB,X,E
0.9,7.0,[-1 -1 -1 ...  1 -1  1],"[-1.19876519 -0.84438675 -1.37296156 ...  1.13348934 -1.03013368
  0.95568114]"
I_a,snr_dB,X,E
0.0,8.0,[-1  1  1 ...  1 -1 -1],"[-2.43159557  2.86132755  2.8187796  ...  0.21614001 -0.39434377
 -1.03843282]"
I_a,snr_dB,X,E
0.1,8.0,[-1 -1 -1 ... -1  1 -1],"[-1.5109419  -1.18979002 -3.07511546 ... -1.08001369  1.66208901
  0.48943004]"
I_a,snr_dB,X,E
0.2,8.0,[ 1  1  1 ... -1 -1  1],"[ 6.01888418  6.77773199  6.21323909 ... -0.28906383 -0.18969257
  0.79668456]"
I_a,snr_dB,X,E
0.30000000000000004,8.0,[-1 -1 -1 ... -1  1  1],"[-2.41449479 -1.34809558 -2.59395742 ... -6.91574499  7.20778035
  6.70849874]"
I_a,snr_dB,X,E
0.4,8.0,[-1 -1  1 ...  1 -1  1],"[-0.89592276 -0.27558647  1.06549635 ...  1.3879894   1.09756579
  0.91651076]"
I_a,snr_dB,X,E
0.5,8.0,[-1 -1  1 ...  1 -1 -1],"[-0.72960668 -0.97225265  1.68496299 ...  3.98816631 -4.26565153
 -4.33146469]"
I_a,snr_dB,X,E
0.6000000000000001,8.0,[-1 -1 -1 ... -1  1  1],"[-3.74214229 -3.55355926 -3.13038796 ... -0.31039911 -0.10356199
  0.73316345]"
I_a,snr_dB,X,E
0.7000000000000001,8.0,[-1 -1  1 ... -1 -1  1],"[-1.38387908 -3.56076996 -0.53198702 ... -5.2808698  -4.75556523
  4.35936432]"
I_a,snr_dB,X,E
0.8,8.0,[ 1 -1  1 ... -1 -1  1],"[-1.19104272 -1.83398411  1.13538937 ... -0.63963013  0.40719514
 -1.19864184]"
I_a,snr_dB,X,E
0.9,8.0,[-1 -1  1 ... -1  1 -1],"[-0.64253823  0.44539847 -0.38976475 ... -2.29497339  0.4635181
 -1.56932163]"
I_a,snr_dB,X,E
0.0,9.0,[ 1  1  1 ... -1  1 -1],"[-2.98344406  2.14497338  1.84023439 ... -0.39272233  0.37373835
 -0.3750584 ]"
I_a,snr_dB,X,E
0.1,9.0,[ 1  1 -1 ...  1  1  1],"[ 5.51831011  5.71196025 -5.71234825 ...  9.04398681 10.21953146
 10.01145728]"
I_a,snr_dB,X,E
0.2,9.0,[ 1 -1  1 ...  1 -1 -1],"[  8.47291197 -10.00159719   8.58490307 ...   0.13962241  -0.36439845
  -2.07527997]"
I_a,snr_dB,X,E
0.30000000000000004,9.0,[-1  1 -1 ...  1  1  1],"[-1.30105767 -0.19692365  0.03451658 ...  2.06986539  4.02871015
  2.08352397]"
I_a,snr_dB,X,E
0.4,9.0,[ 1 -1  1 ...  1  1 -1],"[ 1.31770931 -1.03270949  1.08359416 ...  2.90324116  3.21127828
 -3.37514102]"
I_a,snr_dB,X,E
0.5,9.0,[-1  1 -1 ...  1  1  1],"[-10.93594767  10.81127076 -11.51230915 ...   5.72784031   5.69754702
   5.65444814]"
I_a,snr_dB,X,E
0.6000000000000001,9.0,[ 1 -1 -1 ...  1 -1 -1],"[ 10.69308496  -9.84991684 -10.00206595 ...   4.44852917  -4.28061225
  -3.71671515]"
I_a,snr_dB,X,E
0.7000000000000001,9.0,[1 1 1 ... 1 1 1],[1.46890401 0.80047908 1.15168086 ... 7.92241949 8.60151567 7.15431645]
I_a,snr_dB,X,E
0.8,9.0,[-1  1 -1 ... -1  1  1],"[-0.56591499  0.56673918 -0.56475258 ... -3.17428648  3.8202939
  3.77526609]"
I_a,snr_dB,X,E
0.9,9.0,[-1  1 -1 ...  1  1 -1],"[ -7.11844951  12.15120961 -13.13691328 ...   2.18906012   4.20953658
  -2.11011702]"
I_a,snr_dB,X,E
0.0,10.0,[ 1  1  1 ...  1 -1  1],"[11.63612716 10.3939479   6.27629836 ...  4.17694977 -6.10333501
  4.10726462]"
I_a,snr_dB,X,E
0.1,10.0,[-1  1 -1 ... -1 -1  1],"[-12.00246553  11.92489134 -14.02140397 ...  -4.68646612  -5.081294
   5.35399584]"
I_a,snr_dB,X,E
0.2,10.0,[ 1  1  1 ...  1 -1  1],"[ 9.35651633 10.15333583  9.12841942 ...  8.30887766 -9.63006971
  8.80215711]"
I_a,snr_dB,X,E
0.30000000000000004,10.0,[-1  1 -1 ...  1  1 -1],"[-1.72606853  2.19862358 -1.65215784 ...  7.82543236  7.69206413
 -7.82660707]"
I_a,snr_dB,X,E
0.4,10.0,[-1 -1 -1 ...  1  1  1],"[-7.15404961 -7.10814338 -8.13946513 ... 15.2994286  15.09774826
 14.86151564]"
I_a,snr_dB,X,E
0.5,10.0,[-1  1 -1 ... -1  1  1],"[-13.91644954  15.3441322  -13.53888754 ... -15.88294135  14.9290953
  14.98482461]"
I_a,snr_dB,X,E
0.6000000000000001,10.0,[ 1 -1  1 ... -1 -1  1],"[  7.20875546  -7.95082297   7.07025558 ... -11.0103597  -10.47252116
  10.69222659]"
I_a,snr_dB,X,E
0.7000000000000001,10.0,[-1  1 -1 ...  1 -1 -1],"[-20.60289761  23.92821414 -23.20498803 ...  11.709248   -12.47908046
 -11.61916572]"
I_a,snr_dB,X,E
0.8,10.0,[-1  1 -1 ...  1 -1 -1],"[-22.84244926  28.13909108 -23.55054075 ...  15.4490073  -16.28634349
 -16.22093894]"
I_a,snr_dB,X,E
0.9,10.0,[-1 -1 -1 ...  1  1 -1],"[-15.21300323 -15.84208103 -16.83112569 ...  16.58455119  13.84064212
 -13.82436817]"
I_a,snr_dB,X,E
0.0,6.0,[ 1 -1 -1 ...  1  1  1],[0.48886018 0.9238764  1.29571066 ... 1.48171556 0.89003647 1.19858039]
I_a,snr_dB,X,E
0.1,6.0,[ 1  1  1 ...  1 -1 -1],"[-1.32835187  0.86952036  1.0484058  ...  0.83959895 -1.13066745
 -3.02797919]"
I_a,snr_dB,X,E
0.2,6.0,[ 1 -1 -1 ... -1  1 -1],"[ 1.04202378 -1.10405008 -1.29640001 ... -1.08230556  0.73191812
 -0.18250849]"
I_a,snr_dB,X,E
0.30000000000000004,6.0,[ 1 -1 -1 ... -1  1 -1],"[ 0.01206563 -1.02545768 -0.73403541 ... -1.36127402  1.1665484
 -1.7737285 ]"
I_a,snr_dB,X,E
0.4,6.0,[ 1  1 -1 ...  1 -1  1],"[-0.40977994  1.16555926  1.2508644  ...  0.57943028  0.63406777
 -0.34977723]"
I_a,snr_dB,X,E
0.5,6.0,[-1 -1  1 ...  1  1 -1],"[ 0.99584592 -0.83318068  0.42905992 ...  0.46645354  2.75299245
 -0.30432146]"
I_a,snr_dB,X,E
0.6000000000000001,6.0,[ 1  1 -1 ... -1  1  1],"[ 1.70690882 -1.03961208  0.8554179  ... -0.38900732  0.18395003
  0.29314469]"
I_a,snr_dB,X,E
0.7000000000000001,6.0,[-1  1  1 ...  1 -1 -1],"[ 0.59729867 -0.42442268 -0.50451927 ...  0.18109913 -0.40067419
  0.23355127]"
I_a,snr_dB,X,E
0.8,6.0,[ 1  1  1 ... -1  1  1],"[ 0.04390851  0.72474783  0.61818334 ... -2.33079183  2.87512722
  3.16312271]"
I_a,snr_dB,X,E
0.9,6.0,[-1  1 -1 ... -1 -1  1],"[-0.19890937 -0.68984178  0.42133924 ... -3.81077121 -4.47791146
  3.83697295]"
I_a,snr_dB,X,E
0.0,7.0,[ 1 -1 -1 ... -1 -1  1],"[ 0.78846027  0.70997215  1.20596956 ...  1.6440924  -0.42325257
 -0.33263983]"
I_a,snr_dB,X,E
0.1,7.0,[ 1 -1  1 ...  1  1 -1],"[ 0.10129933  0.17391652  0.4903765  ...  0.89001195  1.38768309
 -0.87952334]"
I_a,snr_dB,X,E
0.2,7.0,[-1  1  1 ... -1  1 -1],"[-2.15923956  2.13257771  2.65695716 ... -0.68953345  0.72777197
 -0.94585922]"
I_a,snr_dB,X,E
0.30000000000000004,7.0,[-1  1 -1 ... -1 -1 -1],"[-3.25859369  2.6966147  -2.97510324 ... -0.72882912  0.26203653
  0.11708429]"
I_a,snr_dB,X,E
0.4,7.0,[ 1 -1 -1 ...  1 -1  1],"[ 3.12074889 -4.19093457 -3.77025776 ...  1.07091207 -0.4179631
  1.20576625]"
I_a,snr_dB,X,E
0.5,7.0,[ 1  1  1 ... -1 -1 -1],"[ 2.98635156  2.1024664   2.40266012 ... -1.55215786 -2.08692029
 -1.42111785]"
I_a,snr_dB,X,E
0.6000000000000001,7.0,[ 1  1  1 ...  1 -1  1],[2.71612967 3.1282696  3.52573114 ... 1.19042438 0.14581206 0.64485821]
I_a,snr_dB,X,E
0.7000000000000001,7.0,[-1  1 -1 ... -1 -1 -1],"[ 0.21306665 -0.0390608  -1.19328272 ... -0.63852703 -0.55494078
 -0.2027908 ]"
I_a,snr_dB,X,E
0.8,7.0,[ 1 -1  1 ...  1  1  1],"[-0.39062195  0.6069347   1.2609531  ...  2.16702497 -1.04611322
 -1.24295742]"
I_a,snr_dB,X,E
0.9,7.0,[-1 -1 -1 ... -1 -1 -1],"[-0.86395571 -0.21425085 -0.6796327  ... -8.7996648  -9.4837793
 -8.89757148]"
I_a,snr_dB,X,E
0.0,8.0,[-1 -1  1 ...  1 -1  1],"[-2.23695748 -2.31228974  2.15776963 ...  1.47555802 -3.24063824
  3.07460269]"
I_a,snr_dB,X,E
0.1,8.0,[-1 -1 -1 ... -1  1 -1],"[ 0.03765326  0.09398488 -2.25119048 ... -4.09189539  4.17298749
 -4.2485318 ]"
I_a,snr_dB,X,E
0.2,8.0,[-1 -1 -1 ... -1 -1 -1],"[-0.01493959  0.89097073 -0.08123859 ... -0.95962122 -0.97886461
 -0.76069606]"
I_a,snr_dB,X,E
0.30000000000000004,8.0,[ 1  1  1 ...  1 -1  1],"[ 4.2118749   4.02308239  3.32827434 ...  2.59993498 -2.52148683
  3.58188199]"
I_a,snr_dB,X,E
0.4,8.0,[ 1  1 -1 ...  1 -1 -1],"[ 0.79342084 -0.55990566 -0.92732413 ...  5.75589455 -5.57982048
 -4.22838697]"
I_a,snr_dB,X,E
0.5,8.0,[-1 -1  1 ... -1  1  1],"[-0.4586743  -0.93729396  1.11273549 ... -2.10849885  1.63525987
  2.18246482]"
I_a,snr_dB,X,E
0.6000000000000001,8.0,[-1  1  1 ...  1 -1 -1],"[-7.64293036  7.49459182  8.20094603 ...  1.14775255  0.06235751
  0.32110353]"
I_a,snr_dB,X,E
0.7000000000000001,8.0,[ 1 -1  1 ... -1 -1  1],"[ 0.88289135 -1.64203302  0.92094966 ... -1.37538583 -1.68560634
  1.47739313]"
I_a,snr_dB,X,E
0.8,8.0,[ 1  1 -1 ...  1  1 -1],"[ 5.6472253   6.51860135 -5.02933146 ...  2.25501452  2.4821902
 -1.64539331]"
I_a,snr_dB,X,E
0.9,8.0,[-1  1  1 ... -1  1 -1],"[-1.4444075   0.56132274  1.10436996 ... -4.12981647  4.06649327
 -1.87809674]"
I_a,snr_dB,X,E
0.0,9.0,[ 1  1  1 ...  1 -1 -1],"[-0.7035391   0.26167491  0.49287902 ...  0.58183024 -1.61907247
 -1.75758413]"
I_a,snr_dB,X,E
0.1,9.0,[-1 -1 -1 ... -1 -1 -1],"[-5.67169393 -5.62129874 -6.00905106 ... -1.95912954 -2.88334035
 -2.61094659]"
I_a,snr_dB,X,E
0.2,9.0,[-1 -1 -1 ... -1 -1 -1],"[-5.78728676 -4.86533537 -4.94074201 ...  2.30837313  2.33654315
  1.93620491]"
I_a,snr_dB,X,E
0.30000000000000004,9.0,[-1  1  1 ... -1 -1 -1],"[-6.7197548   2.62393647  2.62135677 ... -5.59084794 -2.89712506
 -4.69909589]"
I_a,snr_dB,X,E
0.4,9.0,[-1  1 -1 ...  1 -1  1],"[-3.03824162  3.5929708  -2.75304178 ... -0.01515048 -0.01838012
  3.08369806]"
I_a,snr_dB,X,E
0.5,9.0,[ 1  1 -1 ...  1  1 -1],"[ 0.99785676  1.52163622 -1.48740092 ...  2.96813863  2.61661141
 -2.94194451]"
I_a,snr_dB,X,E
0.6000000000000001,9.0,[ 1 -1 -1 ... -1  1 -1],"[ 0.75127489 -0.66358287 -0.37156813 ... -3.05586855 -2.62133613
 -3.06036881]"
I_a,snr_dB,X,E
0.7000000000000001,9.0,[-1  1  1 ... -1 -1  1],"[-5.10266557  2.64618484  4.30263798 ... -7.25270453 -6.83692435
  6.54162811]"
I_a,snr_dB,X,E
0.8,9.0,[-1 -1 -1 ...  1  1 -1],"[-0.50891867  0.19922295 -1.5791135  ...  3.43723729  3.26907281
 -2.73964944]"
I_a,snr_dB,X,E
0.9,9.0,[ 1 -1 -1 ... -1 -1 -1],"[ 14.5059201  -13.93806413 -13.8470439  ...  -8.33763153 -10.48238473
  -9.01204509]"
I_a,snr_dB,X,E
0.0,10.0,[ 1  1 -1 ... -1  1 -1],"[ 22.12614549  21.77662921 -19.44592784 ... -13.58714864  13.8731148
 -14.40082812]"
I_a,snr_dB,X,E
0.1,10.0,[ 1 -1 -1 ... -1 -1  1],"[ 2.38078856 -1.37874281 -2.22097003 ... -1.57000873 -1.79256989
 -1.47749051]"
I_a,snr_dB,X,E
0.2,10.0,[-1  1 -1 ...  1 -1 -1],"[-17.6564684   18.1351874  -18.65060072 ...   9.08910293  -9.13821497
  -8.72451439]"
I_a,snr_dB,X,E
0.30000000000000004,10.0,[ 1  1 -1 ... -1  1 -1],"[10.44471109  8.41147169 -9.49479904 ... -8.64486437  9.86413611
 -8.58777727]"
I_a,snr_dB,X,E
0.4,10.0,[ 1 -1 -1 ... -1 -1  1],"[ 6.43835516 -6.4419269  -6.59338016 ... -0.65571518 -0.66656223
  0.66945041]"
I_a,snr_dB,X,E
0.5,10.0,[ 1 -1 -1 ... -1  1 -1],"[ 3.89871845 -4.19506561 -7.45682101 ... -7.07435089  9.5481527
 -9.28857936]"
I_a,snr_dB,X,E
0.6000000000000001,10.0,[ 1  1 -1 ... -1  1  1],"[ 15.1979273   15.26794602 -15.90655109 ... -12.74924028  13.28092345
  12.94765045]"
I_a,snr_dB,X,E
0.7000000000000001,10.0,[-1  1  1 ...  1 -1 -1],"[-11.29123769  11.5315005   11.48851691 ...  20.36326773 -19.98212602
 -20.16985483]"
I_a,snr_dB,X,E
0.8,10.0,[-1 -1 -1 ...  1  1  1],"[ -5.78671758 -12.92117271  -5.78648286 ...  12.72452069  12.77962284
  15.74879035]"
I_a,snr_dB,X,E
0.9,10.0,[ 1 -1 -1 ... -1  1  1],"[  9.67317056  -9.68099683 -14.91398105 ... -16.84258965  15.67766802
  15.48075807]"
I_a,snr_dB,X,E
0.0,6.0,[ 1  1 -1 ... -1 -1 -1],"[ 1.17766994  0.14905328 -0.87795251 ...  0.17315119  0.33613224
  0.28213241]"
I_a,snr_dB,X,E
0.1,6.0,[ 1 -1  1 ... -1  1 -1],"[-0.89344347  0.46340376 -0.27353213 ...  2.27053772 -2.30960857
 -2.62747037]"
I_a,snr_dB,X,E
0.2,6.0,[-1  1  1 ...  1  1  1],"[-1.97543657  1.65280126  2.41282771 ...  4.71158534  5.52057288
  5.46268796]"
I_a,snr_dB,X,E
0.30000000000000004,6.0,[ 1 -1 -1 ...  1  1  1],"[-0.58372458  0.13870298  0.43208987 ...  1.84197179  1.98267777
  1.93443054]"
I_a,snr_dB,X,E
0.4,6.0,[ 1  1  1 ...  1 -1 -1],"[ 0.93191925  2.66696445  1.26033437 ...  1.07761837 -1.34049668
  1.80141073]"
I_a,snr_dB,X,E
0.5,6.0,[-1  1 -1 ... -1  1  1],"[-0.37565259  0.04717133  1.21835025 ... -2.30064029  0.09865629
  2.38466632]"
I_a,snr_dB,X,E
0.6000000000000001,6.0,[ 1  1 -1 ...  1  1  1],"[-0.23113793 -0.13599401  0.01632205 ... -0.50615742 -0.64500472
 -0.27455236]"
I_a,snr_dB,X,E
0.7000000000000001,6.0,[-1  1  1 ... -1 -1  1],"[-4.84431743  5.10853432  4.27649007 ... -2.60280846 -3.13471914
  2.46426296]"
I_a,snr_dB,X,E
0.8,6.0,[ 1 -1 -1 ... -1 -1  1],"[-0.02172988 -0.84734333  0.6588222  ...  0.52617291  0.55474149
  1.57121591]"
I_a,snr_dB,X,E
0.9,6.0,[-1 -1  1 ...  1  1  1],"[-1.28236701 -1.07429537  1.05820427 ...  0.9154426   0.76646577
  0.71303457]"
I_a,snr_dB,X,E
0.0,7.0,[-1  1 -1 ... -1 -1  1],"[-0.79212101 -0.98910931  0.72823897 ... -1.85667361 -1.47831838
  1.98618484]"
I_a,snr_dB,X,E
0.1,7.0,[ 1 -1  1 ... -1  1  1],"[ 0.29302286 -0.54608352  0.84275705 ... -3.02791362  2.27940159
  2.40614974]"
I_a,snr_dB,X,E
0.2,7.0,[ 1  1  1 ...  1  1 -1],"[ 1.66362306  1.79683878  1.40051128 ...  0.9029643   0.99104518
 -0.9799377 ]"
I_a,snr_dB,X,E
0.30000000000000004,7.0,[-1  1 -1 ... -1  1  1],"[-1.09249075  0.77021971  0.04610719 ... -1.27195217  0.11505303
  2.58629314]"
I_a,snr_dB,X,E
0.4,7.0,[1 1 1 ... 1 1 1],"[ 1.46533658 -1.05154832 -0.25052121 ...  0.53481571  0.82975321
 -0.09194644]"
I_a,snr_dB,X,E
0.5,7.0,[ 1  1  1 ...  1 -1 -1],"[ 2.04525685  2.17168638  2.01945908 ...  0.33946105 -0.42996034
  0.44898199]"
I_a,snr_dB,X,E
0.6000000000000001,7.0,[-1 -1 -1 ...  1 -1  1],"[ 1.69377487  1.78416858 -2.34294941 ...  2.52065628 -2.48001836
  3.67287168]"
I_a,snr_dB,X,E
0.7000000000000001,7.0,[ 1 -1 -1 ...  1 -1 -1],"[-0.23750629 -0.82113413  0.29383543 ...  1.11342662 -1.3952997
 -1.17100173]"
I_a,snr_dB,X,E
0.8,7.0,[ 1  1 -1 ... -1 -1  1],"[ 5.64289356  6.53533445 -5.72125743 ... -1.60611723 -1.12744612
  1.34466792]"
I_a,snr_dB,X,E
0.9,7.0,[ 1  1  1 ... -1 -1 -1],"[-0.53849313  1.76325526 -0.33756664 ... -5.10434224 -5.13822507
 -4.80507818]"
I_a,snr_dB,X,E
0.0,8.0,[-1 -1 -1 ... -1  1  1],"[-0.85366818 -0.91943465  0.13713732 ...  1.19748114  0.7774028
  0.55842015]"
I_a,snr_dB,X,E
0.1,8.0,[-1 -1 -1 ... -1  1 -1],"[-9.54786096 -9.23372771 -8.90042132 ... -2.59573481  2.77450652
 -2.4868563 ]"
I_a,snr_dB,X,E
0.2,8.0,[-1 -1  1 ... -1  1  1],"[-0.77329143 -1.84802024 -2.23144096 ...  0.44454204 -0.53472682
 -1.12142463]"
I_a,snr_dB,X,E
0.30000000000000004,8.0,[ 1  1  1 ...  1 -1 -1],"[ 3.59850057  0.65829475  0.76975527 ...  2.72824016 -2.56443588
 -0.1423895 ]"
I_a,snr_dB,X,E
0.4,8.0,[ 1 -1  1 ...  1  1 -1],"[ 1.77443872 -1.31573204  1.72246997 ... -0.37260022 -0.08784613
  0.63136223]"
I_a,snr_dB,X,E
0.5,8.0,[1 1 1 ... 1 1 1],[2.12307592 2.50507702 3.55871968 ... 1.84385055 1.60624103 2.1922787 ]
I_a,snr_dB,X,E
0.6000000000000001,8.0,[-1 -1  1 ...  1 -1 -1],"[ 2.84315509e+00 -2.89266779e+00 -2.39801939e+00 ...  4.57422593e-01
 -4.11805961e-01 -2.09353950e-03]"
I_a,snr_dB,X,E
0.7000000000000001,8.0,[ 1  1 -1 ...  1 -1  1],"[ 0.99125362  1.3192885  -1.00228015 ... -0.17299444 -0.15461983
 -0.14262904]"
I_a,snr_dB,X,E
0.8,8.0,[-1  1  1 ... -1 -1 -1],"[-3.90713363  4.19429942  3.56022794 ... -0.31391219 -0.09815966
 -0.76623346]"
I_a,snr_dB,X,E
0.9,8.0,[-1 -1  1 ...  1  1 -1],"[ 0.2984382  -0.56150501  1.48102054 ...  0.67482558 -0.6373651
 -1.38685444]"
I_a,snr_dB,X,E
0.0,9.0,[ 1  1  1 ...  1 -1 -1],"[-2.69428136 -1.88031734  1.66090353 ...  4.86278801 -4.91530542
 -6.09558436]"
I_a,snr_dB,X,E
0.1,9.0,[-1 -1 -1 ...  1 -1 -1],"[-1.5771013   1.78264444 -1.55442701 ... -0.2367742  -2.7893791
  0.52665142]"
I_a,snr_dB,X,E
0.2,9.0,[-1 -1 -1 ... -1  1 -1],"[-1.55878338  0.59263094  0.67254973 ...  0.89790173  0.50296706
 -2.60969594]"
I_a,snr_dB,X,E
0.30000000000000004,9.0,[ 1 -1 -1 ...  1  1 -1],"[ 2.70196909 -2.51630907 -3.12241527 ...  4.38953806  6.04710452
 -3.74325338]"
I_a,snr_dB,X,E
0.4,9.0,[ 1 -1  1 ... -1  1 -1],"[  0.94963709  -1.08168014   0.34807862 ... -12.26469335  12.35746708
 -12.31321223]"
I_a,snr_dB,X,E
0.5,9.0,[-1  1  1 ... -1 -1  1],"[-8.9492337   9.50001762  9.15628065 ... -1.1267174  -2.30721584
  1.58896146]"
I_a,snr_dB,X,E
0.6000000000000001,9.0,[-1 -1 -1 ...  1  1 -1],"[ -2.9083046   -6.50167971  -2.93605221 ...  12.27746954  11.95682626
 -12.75309505]"
I_a,snr_dB,X,E
0.7000000000000001,9.0,[-1 -1 -1 ...  1  1  1],"[ 1.05162077  0.89406511 -0.13576003 ...  5.82153689  4.47397646
  4.7281622 ]"
I_a,snr_dB,X,E
0.8,9.0,[ 1  1 -1 ...  1  1  1],"[ 0.99621131 -0.45387117 -1.23488123 ...  8.73575876  7.70204851
  6.73149418]"
I_a,snr_dB,X,E
0.9,9.0,[ 1 -1 -1 ...  1  1 -1],"[ 11.94717853 -11.8210208  -12.67837482 ...  14.78511939  14.43524563
 -13.86623231]"
I_a,snr_dB,X,E
0.0,10.0,[-1  1  1 ... -1 -1  1],"[-2.5180778   2.95856636  2.77188326 ... -7.73681942 -7.72485215
  7.73475049]"
I_a,snr_dB,X,E
0.1,10.0,[-1 -1 -1 ... -1  1  1],"[ 2.22210449  2.20097538 -4.53794615 ... -2.10124282  6.27815332
  4.44477146]"
I_a,snr_dB,X,E
0.2,10.0,[ 1 -1  1 ... -1 -1 -1],"[ 2.85122715 -2.86352564  5.89363305 ... -7.89545392 -6.57585789
 -6.58319747]"
I_a,snr_dB,X,E
0.30000000000000004,10.0,[-1 -1  1 ...  1  1 -1],"[-10.28979766 -11.2591128   10.21681003 ...   3.70617937   3.25198767
  -3.705305  ]"
I_a,snr_dB,X,E
0.4,10.0,[-1 -1 -1 ...  1  1  1],"[-4.44271682 -5.13878111 -2.70391486 ...  0.22966161  0.12085517
  0.21733272]"
I_a,snr_dB,X,E
0.5,10.0,[-1  1  1 ...  1  1 -1],"[ -1.08272694   1.18174788   1.11484018 ...  26.80441492  26.65302138
 -26.63511811]"
I_a,snr_dB,X,E
0.6000000000000001,10.0,[ 1 -1  1 ...  1 -1  1],"[ 20.27981339 -19.45884153  22.24798175 ...   8.16391576  -8.68203924
   9.4678649 ]"
I_a,snr_dB,X,E
0.7000000000000001,10.0,[-1  1 -1 ...  1 -1  1],"[-5.08392318  5.16138198 -5.04754292 ...  5.55385251 -6.23209525
  2.5768513 ]"
I_a,snr_dB,X,E
0.8,10.0,[ 1  1 -1 ...  1  1 -1],"[ 18.55496675  17.59262121 -16.38320292 ...  15.58525799  15.5942716
 -16.87894853]"
I_a,snr_dB,X,E
0.9,10.0,[ 1  1 -1 ...  1  1 -1],"[ 18.69306441  18.61581145 -18.66288172 ...  12.02365976  12.16030124
 -11.82724568]"
I_a,snr_dB,X,E
0.0,6.0,[ 1  1  1 ...  1 -1 -1],"[-0.63443165 -0.24334576  0.12594159 ... -0.01195052  0.69181871
 -1.20858478]"
I_a,snr_dB,X,E
0.1,6.0,[-1 -1  1 ...  1 -1 -1],"[-0.0641807   0.01590149 -0.19362029 ...  1.23798627  1.39250516
  1.29096795]"
I_a,snr_dB,X,E
0.2,6.0,[-1  1 -1 ... -1  1  1],"[ 0.42919031  1.94127475 -0.62653881 ... -0.515352   -0.75643745
  0.30125907]"
I_a,snr_dB,X,E
0.30000000000000004,6.0,[-1  1  1 ... -1 -1  1],"[ 0.30784609  0.17185984 -0.24748083 ... -0.0409543  -0.27254563
 -0.08857139]"
I_a,snr_dB,X,E
0.4,6.0,[-1 -1 -1 ...  1  1  1],"[-3.23812051 -3.11940739 -1.80989633 ...  0.58364989  0.37305455
  0.03848465]"
I_a,snr_dB,X,E
0.5,6.0,[ 1 -1 -1 ... -1  1  1],"[ 0.04188183 -1.08128254 -0.92880373 ... -1.81808052 -0.46153028
  1.75912312]"
I_a,snr_dB,X,E
0.6000000000000001,6.0,[ 1  1 -1 ...  1 -1  1],"[ 2.06618695  1.89678545 -1.81047635 ...  1.48386136 -2.57321009
  1.45478399]"
I_a,snr_dB,X,E
0.7000000000000001,6.0,[ 1  1 -1 ...  1  1 -1],"[ 0.45251029 -0.28334052 -0.69878477 ...  3.10354502  2.58439032
 -2.73871096]"
I_a,snr_dB,X,E
0.8,6.0,[-1  1  1 ...  1 -1 -1],"[-4.98571517  4.63754656  5.12307508 ...  0.2049576  -1.09640762
 -0.94092728]"
I_a,snr_dB,X,E
0.9,6.0,[ 1 -1  1 ... -1 -1  1],"[ 1.04608719  0.00549368  0.01880619 ...  1.37253557  0.37747903
 -0.71577867]"
I_a,snr_dB,X,E
0.0,7.0,[ 1 -1 -1 ... -1 -1 -1],"[ 2.09115099 -1.8086189  -1.74986079 ... -1.30032605 -0.99716788
 -0.99760822]"
I_a,snr_dB,X,E
0.1,7.0,[-1  1 -1 ...  1 -1 -1],"[-1.44364406  2.0718913  -1.69654298 ...  0.98960729 -1.71317144
 -1.05491452]"
I_a,snr_dB,X,E
0.2,7.0,[-1  1 -1 ...  1  1 -1],"[-0.22399245 -0.54056621 -0.76593787 ...  1.92668608  2.30796052
 -2.89479064]"
I_a,snr_dB,X,E
0.30000000000000004,7.0,[ 1  1 -1 ...  1 -1 -1],"[ 2.83782139  2.42317844 -3.18732639 ... -0.84652039  0.4869331
  0.047564  ]"
I_a,snr_dB,X,E
0.4,7.0,[ 1 -1 -1 ... -1  1  1],"[ 0.52701329 -0.02241095  0.13017119 ... -0.12220822 -0.45826584
  0.55900886]"
I_a,snr_dB,X,E
0.5,7.0,[-1  1 -1 ... -1 -1 -1],"[-0.52709998  0.61138122  0.35488629 ... -2.34322405 -4.92918405
 -0.48334952]"
I_a,snr_dB,X,E
0.6000000000000001,7.0,[ 1  1  1 ...  1 -1  1],"[-1.00472678 -0.92442873  1.54961324 ...  0.47029168 -0.56041722
  0.40165268]"
I_a,snr_dB,X,E
0.7000000000000001,7.0,[-1 -1 -1 ... -1 -1  1],"[-2.91092765 -2.50160245 -3.24878282 ... -1.82847492 -2.33170525
  1.25359829]"
I_a,snr_dB,X,E
0.8,7.0,[-1 -1  1 ...  1 -1  1],"[ 1.27542861  0.83664571  2.53190852 ...  2.55599185 -2.86269649
  2.54395133]"
I_a,snr_dB,X,E
0.9,7.0,[-1  1  1 ... -1 -1  1],"[-0.12391144  1.27185739 -0.01622339 ... -0.0739734   0.26671741
 -0.13805348]"
I_a,snr_dB,X,E
0.0,8.0,[-1  1  1 ... -1 -1  1],"[-0.30004938 -0.02316868 -1.00515836 ... -0.20731324 -0.10751998
  0.22195287]"
I_a,snr_dB,X,E
0.1,8.0,[ 1 -1  1 ...  1  1  1],"[-1.65865076 -1.49098459  1.67515581 ... -1.77362549  1.61606644
 -1.85440126]"
I_a,snr_dB,X,E
0.2,8.0,[-1 -1  1 ...  1 -1  1],"[-1.87029456 -1.64513411  1.14068479 ...  0.41809452 -0.20171132
  0.23034443]"
I_a,snr_dB,X,E
0.30000000000000004,8.0,[-1 -1  1 ... -1  1 -1],"[-2.56575904  1.62344183 -2.8618288  ... -3.31147751  2.93604298
 -2.80476251]"
I_a,snr_dB,X,E
0.4,8.0,[ 1 -1  1 ...  1 -1 -1],"[ 2.00590913 -2.70821362  2.5787997  ...  0.82568629 -1.09293413
 -1.18279936]"
I_a,snr_dB,X,E
0.5,8.0,[-1 -1 -1 ...  1  1 -1],"[ 0.53880987 -0.8604051  -1.54482365 ... -1.25848911  1.99606331
 -1.39137834]"
I_a,snr_dB,X,E
0.6000000000000001,8.0,[-1 -1  1 ... -1  1 -1],"[-3.93150409 -4.36556867  3.86117348 ... -3.96032638  4.80177122
 -4.20385418]"
I_a,snr_dB,X,E
0.7000000000000001,8.0,[ 1 -1 -1 ... -1  1 -1],"[ 3.63063385 -4.47115222 -4.46269469 ... -3.67156515  3.622704
 -3.3802941 ]"
I_a,snr_dB,X,E
0.8,8.0,[-1  1 -1 ... -1  1 -1],"[-2.29178237  2.49807271 -2.9133129  ... -1.99862434 -1.63664595
  0.85503245]"
I_a,snr_dB,X,E
0.9,8.0,[ 1 -1  1 ...  1  1 -1],"[ 7.61013139 -7.34113159  7.55149106 ...  3.18866089  3.14587909
 -1.91278241]"
I_a,snr_dB,X,E
0.0,9.0,[ 1 -1  1 ... -1 -1  1],"[ 6.23433699 -5.99038832  6.12955994 ... -1.0722232  -0.77703828
  4.12772425]"
I_a,snr_dB,X,E
0.1,9.0,[ 1 -1 -1 ... -1 -1 -1],"[ 4.9248461  -8.44654053 -4.92420442 ... -6.88944396 -7.19985138
 -6.88901539]"
I_a,snr_dB,X,E
0.2,9.0,[ 1 -1  1 ... -1  1 -1],"[ 2.17795562 -1.93664382  2.07950274 ... -2.10590324  5.08056564
 -2.17366506]"
I_a,snr_dB,X,E
0.30000000000000004,9.0,[-1  1 -1 ... -1  1 -1],"[-2.69911635  1.28358252 -1.2385999  ... -1.72774374  1.75238714
 -2.39948569]"
I_a,snr_dB,X,E
0.4,9.0,[ 1 -1 -1 ... -1  1  1],"[-1.1988258  -1.23815433 -0.15397817 ... -1.68837253  2.04104529
  2.70333769]"
I_a,snr_dB,X,E
0.5,9.0,[-1  1  1 ... -1 -1  1],"[-1.81360114  0.06853168  1.61767282 ...  0.25613504 -0.50610099
 -0.11819734]"
I_a,snr_dB,X,E
0.6000000000000001,9.0,[-1  1 -1 ... -1  1  1],"[ -9.78191954   9.94209645 -12.11524868 ...  -1.31916595   3.72902678
   2.48339858]"
I_a,snr_dB,X,E
0.7000000000000001,9.0,[ 1 -1  1 ...  1 -1  1],"[-0.55954967 -0.47708466 -0.88131614 ...  2.08746281 -2.63419075
  2.14629471]"
I_a,snr_dB,X,E
0.8,9.0,[-1  1 -1 ... -1 -1 -1],"[-0.72739368  1.3750997  -0.94358636 ...  1.67392403 -3.04620387
  1.0551017 ]"
I_a,snr_dB,X,E
0.9,9.0,[-1  1  1 ...  1 -1  1],"[-9.96286936  9.90194932 10.64752901 ...  4.83107971  2.72691913
  2.78984585]"
I_a,snr_dB,X,E
0.0,10.0,[ 1  1 -1 ...  1  1 -1],"[ 25.16374352  24.99803965 -26.27561335 ...  -0.88141182   2.87765538
  -2.91040999]"
I_a,snr_dB,X,E
0.1,10.0,[-1 -1  1 ... -1 -1 -1],"[ -9.22902961  -7.45434859   7.78596653 ... -14.1727962  -15.05827653
 -14.12259638]"
I_a,snr_dB,X,E
0.2,10.0,[-1  1 -1 ... -1 -1  1],"[-13.86678773  14.11119843 -14.10195948 ...  -4.5693452   -2.61682273
   2.57371593]"
I_a,snr_dB,X,E
0.30000000000000004,10.0,[ 1 -1 -1 ...  1 -1  1],"[ 19.25349532 -18.9539614  -18.91931619 ...  -0.37937011   0.26831461
   3.15705181]"
I_a,snr_dB,X,E
0.4,10.0,[ 1  1  1 ...  1  1 -1],"[ 7.74980999  8.00735447  4.89988127 ...  0.16981173  0.71972323
 -3.33058316]"
I_a,snr_dB,X,E
0.5,10.0,[ 1 -1 -1 ...  1  1 -1],"[-0.44738353  0.44746996 -0.93121991 ...  7.28984071  7.30646957
 -7.07034975]"
I_a,snr_dB,X,E
0.6000000000000001,10.0,[-1 -1 -1 ... -1  1  1],"[-2.7957598  -2.9330804  -2.93045654 ... -5.87737392  5.93476479
  5.82097574]"
I_a,snr_dB,X,E
0.7000000000000001,10.0,[-1  1 -1 ...  1  1 -1],"[-10.04381733  10.01610945 -10.02762373 ...   9.50082978   9.96239675
  -9.39614831]"
I_a,snr_dB,X,E
0.8,10.0,[ 1 -1 -1 ... -1 -1 -1],"[ 13.09855633 -13.82808155 -12.72275915 ... -12.16801581 -15.24603534
 -13.10862369]"
I_a,snr_dB,X,E
0.9,10.0,[ 1  1  1 ... -1  1  1],"[ 11.31559977   9.2304599    9.23374001 ... -26.51460477  27.27597319
  26.32350044]"
I_a,snr_dB,X,E
0.0,6.0,[-1 -1 -1 ... -1 -1 -1],"[-3.82887825 -3.98603446 -4.213111   ...  1.55470486 -0.92835645
 -0.60371539]"
I_a,snr_dB,X,E
0.1,6.0,[ 1  1 -1 ...  1  1 -1],"[ 2.36976883  1.18486451 -0.9417349  ... -0.17644752 -0.43033714
  0.14340668]"
I_a,snr_dB,X,E
0.2,6.0,[ 1  1 -1 ...  1 -1 -1],"[ 1.19950481  0.50922833  0.08391046 ...  2.47160414 -2.16170865
 -2.06263264]"
I_a,snr_dB,X,E
0.30000000000000004,6.0,[-1 -1  1 ...  1  1 -1],"[-2.2210199  -1.88495395  1.70406157 ...  1.11510804  1.49992405
 -1.79135427]"
I_a,snr_dB,X,E
0.4,6.0,[-1  1 -1 ... -1  1  1],"[-2.86099334  2.21098101 -2.14164602 ...  0.06188507  0.37195072
  0.61069702]"
I_a,snr_dB,X,E
0.5,6.0,[-1  1  1 ... -1 -1 -1],"[ 1.54715231 -1.02580261 -1.2873864  ... -1.94596697 -0.98795572
 -1.46643111]"
I_a,snr_dB,X,E
0.6000000000000001,6.0,[-1  1 -1 ... -1  1  1],"[-1.05910947  1.15130226 -1.57052506 ... -2.23352962  1.12858983
  2.28667348]"
I_a,snr_dB,X,E
0.7000000000000001,6.0,[ 1 -1  1 ... -1  1 -1],"[ 0.58781985 -0.69756632  0.71806586 ... -4.45900794  6.12879961
 -6.80390262]"
I_a,snr_dB,X,E
0.8,6.0,[-1 -1  1 ...  1  1 -1],"[-1.13398194 -1.07052369  1.19395936 ... -0.58849709  0.55007908
 -0.99212349]"
I_a,snr_dB,X,E
0.9,6.0,[ 1 -1 -1 ...  1 -1 -1],"[ 1.67672516 -0.17542335  0.03929091 ...  2.1795406  -0.84390416
 -2.12671579]"
I_a,snr_dB,X,E
0.0,7.0,[-1  1  1 ... -1  1  1],"[ 0.12299935  0.18265562  0.39166378 ... -0.71637444  1.281015
  0.10572461]"
I_a,snr_dB,X,E
0.1,7.0,[-1  1  1 ...  1  1  1],"[-2.32292075  3.10684673  3.9975608  ...  0.16860961  1.37322308
  1.11137249]"
I_a,snr_dB,X,E
0.2,7.0,[-1 -1  1 ...  1 -1 -1],"[ 0.03453787 -1.15007425 -0.41548216 ... -0.32023994 -2.64302666
 -0.62281314]"
I_a,snr_dB,X,E
0.30000000000000004,7.0,[-1 -1  1 ...  1  1  1],"[-6.34213681 -6.04547425  6.4503764  ...  6.09084911  6.15580616
  6.12427991]"
I_a,snr_dB,X,E
0.4,7.0,[ 1  1 -1 ... -1 -1  1],"[ 3.0857154   4.42414002 -4.39595874 ... -2.57668836 -2.75393721
  3.89296616]"
I_a,snr_dB,X,E
0.5,7.0,[ 1  1 -1 ...  1 -1 -1],"[ 4.04630536  2.7182938  -5.46201752 ...  2.02246968 -1.87455495
 -2.0508666 ]"
I_a,snr_dB,X,E
0.6000000000000001,7.0,[ 1 -1  1 ...  1 -1 -1],"[ 1.74752826 -1.1999271  -0.90646304 ...  3.82065465 -4.15881591
 -3.83785524]"
I_a,snr_dB,X,E
0.7000000000000001,7.0,[ 1  1  1 ... -1 -1 -1],"[-0.07821318 -0.25682747 -0.51442505 ... -6.13587101 -6.25956835
 -6.64818891]"
I_a,snr_dB,X,E
0.8,7.0,[-1 -1  1 ...  1 -1 -1],"[ 0.50226889  0.01022272 -0.96841365 ...  2.39916068 -2.76803237
 -2.20139629]"
I_a,snr_dB,X,E
0.9,7.0,[1 1 1 ... 1 1 1],"[ 3.61111749 -0.87448412  3.21894798 ... -1.94664487  2.74332322
  2.53569391]"
I_a,snr_dB,X,E
0.0,8.0,[-1 -1 -1 ... -1 -1  1],"[-8.24496626 -8.56187745 -8.05681303 ... -3.9791168  -3.88543301
  3.89188714]"
I_a,snr_dB,X,E
0.1,8.0,[-1 -1  1 ... -1  1  1],"[ 0.28166511 -0.29941124 -1.17879107 ... -2.26256943  2.39896993
  1.41348748]"
I_a,snr_dB,X,E
0.2,8.0,[ 1 -1 -1 ...  1 -1  1],"[ 1.15803346 -2.33594609 -2.54437345 ... -0.375136    0.3838568
 -2.31955419]"
I_a,snr_dB,X,E
0.30000000000000004,8.0,[-1 -1 -1 ...  1  1  1],"[-0.94028661 -1.71098912 -0.74886844 ...  4.99826485  5.39794365
  5.77755432]"
I_a,snr_dB,X,E
0.4,8.0,[-1 -1  1 ... -1  1  1],"[-5.22118507 -5.40361823  5.31089109 ... -6.5861865   6.23182655
  6.08848423]"
I_a,snr_dB,X,E
0.5,8.0,[ 1  1  1 ... -1 -1 -1],"[-0.05770036  1.13339888  0.67149425 ...  2.22099698  0.5202387
 -2.31516103]"
I_a,snr_dB,X,E
0.6000000000000001,8.0,[-1 -1 -1 ... -1  1  1],"[-1.08725149  0.79048711 -3.28681997 ... -2.18036856  2.84401266
  2.76992518]"
I_a,snr_dB,X,E
0.7000000000000001,8.0,[ 1 -1 -1 ...  1  1  1],"[ 1.18772337 -0.6196872  -2.78980944 ...  0.73112768  1.02875061
  1.43034233]"
I_a,snr_dB,X,E
0.8,8.0,[-1  1 -1 ...  1  1 -1],"[-2.11123764  2.40917738 -2.537486   ...  2.6316096   1.02428518
 -1.49866775]"
I_a,snr_dB,X,E
0.9,8.0,[-1  1 -1 ... -1  1 -1],"[-1.52804941  1.70007231 -0.00799423 ... -7.28873694  7.61222256
 -6.71765661]"
I_a,snr_dB,X,E
0.0,9.0,[-1  1 -1 ...  1 -1 -1],"[ 2.13401462 -3.17312534 -3.21965592 ...  3.61917376 -4.16303099
 -3.83082507]"
I_a,snr_dB,X,E
0.1,9.0,[-1  1  1 ...  1 -1 -1],"[-3.16258956  4.17609594  4.87007838 ...  3.75959849  3.37106442
 -3.68954679]"
I_a,snr_dB,X,E
0.2,9.0,[ 1 -1  1 ...  1  1  1],"[ 9.0776773  -7.26356089  8.76302334 ...  8.8711344   6.82872972
  9.33588565]"
I_a,snr_dB,X,E
0.30000000000000004,9.0,[ 1 -1 -1 ...  1  1 -1],"[ 3.79710944 -3.73919394 -3.73304639 ... -0.56651659  1.58776058
 -0.16540782]"
I_a,snr_dB,X,E
0.4,9.0,[-1  1  1 ... -1  1 -1],"[-0.84623747 -1.14945206 -1.26785373 ... -3.60747285  3.16784742
 -4.91964087]"
I_a,snr_dB,X,E
0.5,9.0,[-1 -1 -1 ... -1  1  1],"[-1.88124073 -2.27428126 -2.12057263 ... -8.1764423   7.74509899
  8.41259197]"
I_a,snr_dB,X,E
0.6000000000000001,9.0,[-1 -1  1 ... -1 -1 -1],"[-0.27122559 -0.10081729 -0.02562079 ... -0.95010387  0.87803853
  0.53291807]"
I_a,snr_dB,X,E
0.7000000000000001,9.0,[ 1 -1 -1 ... -1 -1 -1],"[ 0.62751283 -0.21641558  0.05357453 ... -8.68450744 -9.20421354
 -8.23091182]"
I_a,snr_dB,X,E
0.8,9.0,[ 1  1 -1 ... -1  1  1],"[  4.46454202   7.14833495  -7.25329969 ... -11.31986078  11.40992307
  12.84650728]"
I_a,snr_dB,X,E
0.9,9.0,[-1 -1 -1 ...  1 -1 -1],"[ -5.84128962  -9.75123382 -11.02315778 ...   3.99836266  -3.99664623
  -5.8188257 ]"
I_a,snr_dB,X,E
0.0,10.0,[-1  1  1 ...  1 -1  1],"[  2.3982079    2.92423693   2.30260097 ...  20.01275376 -19.57706553
  19.80347359]"
I_a,snr_dB,X,E
0.1,10.0,[-1 -1 -1 ... -1 -1 -1],"[-8.78987587 -8.70599151 -8.8904438  ... -8.74685265 -8.92300057
 -7.07533176]"
I_a,snr_dB,X,E
0.2,10.0,[ 1  1 -1 ...  1  1  1],"[ 20.54214553  23.22369635 -20.56314524 ...   9.6674629   10.63451492
  10.21638737]"
I_a,snr_dB,X,E
0.30000000000000004,10.0,[ 1  1  1 ...  1 -1 -1],"[15.77549945 15.40732079 14.60280351 ...  8.45824409 -9.16866236
 -8.66821384]"
I_a,snr_dB,X,E
0.4,10.0,[-1 -1  1 ... -1  1 -1],"[-13.09498901  -8.64606818   8.70211437 ...  -5.78393274   3.71604326
  -6.16739413]"
I_a,snr_dB,X,E
0.5,10.0,[-1 -1  1 ...  1  1 -1],"[-7.13797754 -7.08725315  8.22409735 ...  4.76387057  6.37238726
 -3.05705446]"
I_a,snr_dB,X,E
0.6000000000000001,10.0,[-1  1  1 ...  1  1 -1],"[-0.95993409  1.01305219  1.33941212 ...  2.05490682  2.47741244
 -2.46371248]"
I_a,snr_dB,X,E
0.7000000000000001,10.0,[1 1 1 ... 1 1 1],"[10.2351236  10.00406393 10.17653482 ... 15.23116608 12.04251142
 13.69382266]"
I_a,snr_dB,X,E
0.8,10.0,[-1  1  1 ...  1 -1  1],"[-23.47384082  23.94459762  23.26485315 ...  15.07355702 -15.60233535
  15.72130391]"
I_a,snr_dB,X,E
0.9,10.0,[-1  1 -1 ... -1  1 -1],"[-24.87133972  23.93133753 -20.28350456 ... -21.38481835  21.12679557
 -23.14617758]"
